StartDate,EndDate,Status,IPAddress,Progress,Duration (in seconds),Finished,RecordedDate,ResponseId,RecipientLastName,RecipientFirstName,RecipientEmail,ExternalReference,LocationLatitude,LocationLongitude,DistributionChannel,UserLanguage,Q_RecaptchaScore,Q36,Q35,Q37,Q40,Q41,Q43,Q50_First Click,Q50_Last Click,Q50_Page Submit,Q50_Click Count,Q45_1,Q47_1,Q58_1,Q49,Q51_1,Q51_2,Q51_3,Q51_4,Q51_5,Q56_4,Q2,Q14,Q16,Q18,Q18_6_TEXT,Q19,Q27,Q26,Q20,Q54,Random ID,condition
Start Date,End Date,Response Type,IP Address,Progress,Duration (in seconds),Finished,Recorded Date,Response ID,Recipient Last Name,Recipient First Name,Recipient Email,External Data Reference,Location Latitude,Location Longitude,Distribution Channel,User Language,Q_RecaptchaScore,How many predicted hours would you spend using Taply on a weekly basis?,"Assuming you downloaded Taply, would you keep or delete the app?",I believe that Taply would follow through on its commitments and make donations to charitable causes.,Taplyâ€™s country of origin factored into my download decision.,"Generally speaking, I trust Chinese products and applications, like TikTok.","How frequently have you interacted with Chinese owned applications in the past week? Examples include TikTok, Weibo, WeChat, Alibaba, QQ.",Timing - First Click,Timing - Last Click,Timing - Page Submit,Timing - Click Count,"Please rate how you feel toward China on a feeling thermometer using a scale of 0 to 100. The higher the number, the warmer or more favorable you feel toward China, the lower the number, the colder or less favorable you feel. You can pick any number between 0 and 100. - 1","On the scale below, each end of the scale has opposing adjectives. Please choose a number on the scale that indicates how you would describe China where the number 1 corresponds to untrustworthy and the number 7 corresponds to trustworthy. - 1",I would like to know how much influence you think China has in the world. Please answer on a 0 to 10 scale; with 0 meaning they are not at all influential and 10 meaning they are extremely influential.,"The development of China as a world power is a possible threats to the vital interest of the United States in the next 10 years. Please select whether you see this as a critical threat, an important but not critical threat, or not an important threat at all:",Would you support or oppose the following U.S. policies towards China? - Placing tariffs on products imported from China,Would you support or oppose the following U.S. policies towards China? - Restricting the exchange of scientific research between the U.S. and China,Would you support or oppose the following U.S. policies towards China? - Restricting economic engagement between American and Chinese companies,Would you support or oppose the following U.S. policies towards China? - Limiting the number of Chinese students studying in the United States,Would you support or oppose the following U.S. policies towards China? - Cooperating with China on international development assistance projects,"Please rate how you feel towards Chinese citizens on a feeling thermometer using a scale of 0 to 100. The higher the number, the warmer or more favorable you feel towards them, the lower the number, the colder or less favorable you feel. You can pick any number between 0 and 100.","50 States, D.C. and Puerto Rico",Are you male or female?,How old are you in years?,Choose one or more races that you consider yourself to be: - Selected Choice,Choose one or more races that you consider yourself to be: - Other - Text,Which ethnic group(s) best represents you?,"What types of social media apps, products, and services have you used in the last 12 months? Please select all that apply.",What is the highest level of school you have completed or the highest degree you have received?,"When it comes to politics, do you consider yourself a Democrat, Republican, an independent, or something else?",Information about income is very important to understand.  Would you please give your best guess?Please indicate the answer that includes your entire household income in (previous year) before taxes.,Random ID,condition
"{""ImportId"":""startDate"",""timeZone"":""America/Denver""}","{""ImportId"":""endDate"",""timeZone"":""America/Denver""}","{""ImportId"":""status""}","{""ImportId"":""ipAddress""}","{""ImportId"":""progress""}","{""ImportId"":""duration""}","{""ImportId"":""finished""}","{""ImportId"":""recordedDate"",""timeZone"":""America/Denver""}","{""ImportId"":""_recordId""}","{""ImportId"":""recipientLastName""}","{""ImportId"":""recipientFirstName""}","{""ImportId"":""recipientEmail""}","{""ImportId"":""externalDataReference""}","{""ImportId"":""locationLatitude""}","{""ImportId"":""locationLongitude""}","{""ImportId"":""distributionChannel""}","{""ImportId"":""userLanguage""}","{""ImportId"":""Q_RecaptchaScore""}","{""ImportId"":""QID29""}","{""ImportId"":""QID28""}","{""ImportId"":""QID30""}","{""ImportId"":""QID33""}","{""ImportId"":""QID34""}","{""ImportId"":""QID36""}","{""ImportId"":""QID50_FIRST_CLICK""}","{""ImportId"":""QID50_LAST_CLICK""}","{""ImportId"":""QID50_PAGE_SUBMIT""}","{""ImportId"":""QID50_CLICK_COUNT""}","{""ImportId"":""QID38_1""}","{""ImportId"":""QID40_1""}","{""ImportId"":""QID58_1""}","{""ImportId"":""QID42""}","{""ImportId"":""QID44_1""}","{""ImportId"":""QID44_2""}","{""ImportId"":""QID44_3""}","{""ImportId"":""QID44_5""}","{""ImportId"":""QID44_6""}","{""ImportId"":""QID55_4""}","{""ImportId"":""QID8""}","{""ImportId"":""QID12""}","{""ImportId"":""QID13""}","{""ImportId"":""QID14""}","{""ImportId"":""QID14_6_TEXT""}","{""ImportId"":""QID15""}","{""ImportId"":""QID20""}","{""ImportId"":""QID19""}","{""ImportId"":""QID16""}","{""ImportId"":""QID53""}","{""ImportId"":""Random ID""}","{""ImportId"":""condition""}"
11/23/20 19:43,11/23/20 19:54,0,24.91.255.97,100,671,1,11/23/20 19:54,R_5j9ExOcK5eE1XTX,,,,,42.58839417,-71.72660065,anonymous,EN,0.9,1,0,3,3,4,2,31.405,140.93,142.882,11,68,4,,3,,2,2,2,1,,22,2,,"1,4",,2,"1,2,3,4,5,6,7,10,11",5,1,,,
11/23/20 19:55,11/23/20 19:56,1,,100,34,1,11/23/20 19:56,R_1H7FCwIUeNzg9fL,,,,,41.61810303,-74.32659912,preview,EN,0.9,,,,,,,0,0,3.63,0,,,,,,,,,,,,,,,,,,,,,,
11/24/20 8:00,11/24/20 8:12,0,174.244.114.36,100,765,1,11/24/20 8:12,R_1d4G29ksn7v0bfS,,,,,42.81149292,-73.86489868,anonymous,EN,0.9,1,0,2,1,5,1,9.582,171.061,173.015,18,100,1,,3,2,2,2,2,2,,33,1,,1,,,"2,11",2,1,,,
11/29/20 15:59,11/29/20 16:05,1,,100,392,1,11/29/20 16:05,R_RUj260Elvnqq9FL,,,,,41.56030273,-74.17449951,preview,EN,0.9,,,,,,,0,0,1.226,0,,,,,,,,,,,,,,,,,,,,,,
12/2/20 9:40,12/2/20 9:50,0,128.12.122.110,100,583,1,12/2/20 9:50,R_2s2Wd8BpYXS6AiR,,,,,37.42300415,-122.1638947,anonymous,EN,0.9,1,0,3,4,2,1,7.973,150.905,154.041,53,9,6,,2,2,2,2,2,1,,22,1,56,1,,,11,7,1,,,
11/23/20 16:57,11/29/20 13:33,0,74.64.68.127,59,506129,0,12/6/20 13:33,R_2ql4FhB5gJJLPU6,,,,,,,anonymous,EN,0.9,,,,,,,,,,,,,,,,,,,,,,,,,,,,,,,,
12/12/20 14:09,12/12/20 14:14,0,74.64.68.127,100,306,1,12/12/20 14:14,R_2yaBuOqUYUighh8,,,,,41.61810303,-74.32659912,anonymous,EN,1,1,0,2,4,1,1,4.152,50.578,52.949,19,20,2,,1,1,1,1,1,2,30,33,1,26,1,,,"1,11",2,3,2,Custom Value98891,chinahatedapp
12/12/20 14:18,12/12/20 14:18,1,,100,51,1,12/12/20 14:18,R_Rac3OXhwJvcaIkp,,,,,41.61810303,-74.32659912,preview,EN,1,,,,,,,0,0,1.13,0,,,,,,,,,,,,,,,,,,,,,Custom Value94300,chinalovedapp
12/12/20 14:24,12/12/20 14:27,1,,100,174,1,12/12/20 14:27,R_2bQ4x1GIhoJNknr,,,,,41.61810303,-74.32659912,preview,EN,1,1,1,2,5,1,1,5.015,43.967,49.209,11,12,3,,1,,,,,,29,6,2,,4,,"1,3,8",1,3,4,6,59652,chinahatedapp
12/12/20 14:53,12/12/20 14:54,1,,100,91,1,12/12/20 14:54,R_1gCRI5umm1yZDKS,,,,,41.61810303,-74.32659912,preview,EN,1,3,1,1,2,4,3,1.4,11.225,11.864,13,59,3,,2,1,1,2,1,2,85,5,1,25,1,,,9,3,3,3,70139,chinabaseapp
12/12/20 15:21,12/12/20 15:24,0,24.101.43.42,100,128,1,12/12/20 15:24,R_3dEyMO4iptDkVOC,,,,,41.09959412,-80.75229645,anonymous,EN,1,1,0,3,2,2,1,2.448,34.874,35.386,16,67,3,,3,1,,,2,1,100,36,2,40,1,,,"1,2,4,11",5,1,3,10801,estoniabaseapp
12/12/20 15:22,12/12/20 15:28,0,68.9.87.234,100,358,1,12/12/20 15:28,R_pPJgLvnBnc5QIyl,,,,,41.88600159,-71.34570313,anonymous,EN,1,2,1,2,2,5,3,6.981,12.59,13.842,14,63,3,,2,,2,1,2,1,60,41,1,28,1,,,"1,2,3,10",4,3,4,20130,chinahatedapp
12/12/20 15:24,12/12/20 15:29,0,216.227.117.188,100,305,1,12/12/20 15:29,R_2B515LA724lNJOa,,,,,46.92100525,-122.5937958,anonymous,EN,1,1,0,2,4,1,1,5.58,78.045,79.751,11,10,1,,1,1,1,1,1,2,30,49,2,64,1,,,"1,2,4,10,11",2,3,3,39835,chinahatedapp
12/12/20 15:39,12/12/20 15:42,0,75.97.235.116,100,164,1,12/12/20 15:42,R_2zcF2aNawuVkVzF,,,,,40.83250427,-75.70140076,anonymous,EN,1,1,0,4,5,2,2,4.182,53.921,55.52,10,17,2,,2,1,,2,2,1,71,39,1,36,1,,,"1,2,5,6,7,11",2,3,1,47943,chinalovedapp
12/12/20 15:59,12/12/20 16:06,0,198.23.237.11,100,437,1,12/12/20 16:06,R_SPQdBmyoHTcEqaZ,,,,,42.00480652,-87.99539948,anonymous,EN,1,3,1,5,4,5,3,1.243,15.809,16.891,10,79,5,,3,2,1,2,1,2,85,14,2,38,1,,,"1,2,11",6,2,3,55805,chinalovedapp
12/12/20 16:11,12/12/20 16:16,0,68.199.24.138,100,293,1,12/12/20 16:16,R_3Db7KgPARsloJUH,,,,,40.66789246,-74.11779785,anonymous,EN,1,5,1,4,3,3,1,6.753,60.856,62.168,14,81,6,,3,2,2,2,2,1,81,31,1,67,1,,,"1,4,6,11",3,1,2,29420,chinalovedapp
12/12/20 16:39,12/12/20 16:42,0,99.110.140.104,100,224,1,12/12/20 16:42,R_2aUJSj9EbKFBfLs,,,,,25.69580078,-80.36260223,anonymous,EN,1,2,1,4,2,3,2,5.493,56.244,57.007,14,45,2,,3,2,2,2,2,1,76,10,2,26,1,,,"4,6,7,11",5,1,3,67361,chinabaseapp
12/12/20 17:00,12/12/20 17:02,0,23.127.5.162,100,151,1,12/12/20 17:02,R_3kFxAdD0fqNcfKe,,,,,40.11039734,-83.11309814,anonymous,EN,0.8,2,1,4,2,5,4,5.175,36.309,36.975,11,90,7,,3,2,2,2,2,1,97,36,1,31,1,,,"1,6,7",4,3,2,54166,estoniabaseapp
12/12/20 17:28,12/12/20 17:29,0,70.167.218.115,100,85,1,12/12/20 17:29,R_1DU6KmfIz9LXhD7,,,,,33.38250732,-111.875,anonymous,EN,1,1,0,1,1,1,1,0.771,13.839,14.4,13,6,1,,3,1,1,1,1,1,5,3,1,35,1,,,"1,4",4,2,2,54527,chinabaseapp
12/12/20 17:49,12/12/20 17:51,0,74.64.68.127,100,137,1,12/12/20 17:51,R_3fDBYwQ26stnaZR,,,,,41.61810303,-74.32659912,anonymous,EN,0.9,3,1,4,2,2,1,1.444,55.271,55.987,16,40,4,,2,,2,,,1,56,11,2,31,1,,,"1,4,5,11",3,2,3,26475,estoniabaseapp
12/12/20 18:08,12/12/20 18:09,0,172.88.194.181,100,84,1,12/12/20 18:09,R_1dst02PioHzYnNh,,,,,33.90750122,-117.7865982,anonymous,EN,1,1,0,3,3,3,3,0.706,11.899,12.727,10,28,3,,2,,,,,,33,5,1,30,1,,,"2,4,5,6,7,11",5,1,3,36591,chinabaseapp
12/12/20 18:08,12/12/20 18:09,0,74.105.122.242,100,104,1,12/12/20 18:09,R_2PCloGpB0DXOUXU,,,,,40.88969421,-74.48470306,anonymous,EN,0.8,3,1,3,3,3,4,0.656,22.007,22.909,32,61,3,,2,2,1,1,1,,78,31,2,39,4,,4,"1,2,7",4,2,4,12157,chinalovedapp
12/12/20 18:07,12/12/20 18:09,0,70.40.112.35,100,118,1,12/12/20 18:09,R_2yf8rgZKMuyb2G7,,,,,34.2644043,-78.05909729,anonymous,EN,0.9,4,1,4,2,2,4,4.231,27.834,31.048,20,79,5,,3,2,2,2,2,1,96,34,2,21,1,,,"1,2,5,6,7,11",3,1,3,86724,usabaseapp
12/12/20 18:08,12/12/20 18:10,0,68.0.171.104,100,147,1,12/12/20 18:10,R_1FbSwxZF03JOhfT,,,,,33.71470642,-112.240097,anonymous,EN,0.8,3,1,4,4,4,3,3.037,21.661,23.019,11,100,7,,3,2,1,2,,2,100,3,1,48,1,,,"1,2,6,10,11",5,2,2,34714,chinabaseapp
12/12/20 18:08,12/12/20 18:10,0,155.186.48.126,100,148,1,12/12/20 18:10,R_2QYAoDdiEOKqjYA,,,,,38.64379883,-90.53009796,anonymous,EN,0.9,1,0,3,3,1,1,3.365,37.103,37.764,23,19,2,,2,,,,2,,50,26,1,24,1,,,"2,3,4,5,7,11",3,2,7,72612,usabaseapp
12/12/20 18:07,12/12/20 18:10,0,72.181.5.166,100,175,1,12/12/20 18:10,R_2sarhyUPhtW78CB,,,,,32.92599487,-96.96659851,anonymous,EN,1,2,0,4,3,2,1,13.159,56.342,57.382,13,40,2,,1,1,2,1,2,1,75,45,2,34,1,,,"1,4,7,11",3,3,3,65428,estoniabaseapp
12/12/20 18:07,12/12/20 18:10,0,75.109.79.84,100,170,1,12/12/20 18:10,R_1qVSBxkQv64H7Vn,,,,,38.32739258,-81.66899872,anonymous,EN,1,3,1,4,1,4,3,2.301,34.998,36.162,14,100,7,,3,2,2,2,2,1,100,50,1,41,1,,,"1,2,5,6,7,11",1,1,2,11979,estoniabaseapp
12/12/20 14:23,12/12/20 18:11,0,74.64.68.127,100,13697,1,12/12/20 18:11,R_vCbUXpaG21heXHr,,,,,41.61810303,-74.32659912,anonymous,EN,1,2,1,2,5,4,3,1.139,25.657,26.591,15,61,5,,2,1,1,2,1,1,47,7,1,29,1,,,"1,2,11",4,2,3,82732,chinalovedapp
12/12/20 18:07,12/12/20 18:11,0,71.87.120.90,100,206,1,12/12/20 18:11,R_28NDQAnSIwFjeiP,,,,,43.74090576,-87.72979736,anonymous,EN,1,3,1,4,1,3,1,3.261,62.497,63.824,28,60,5,,3,2,1,2,2,1,85,51,1,35,1,,,"1,4,7,11",5,2,5,60493,chinalovedapp
12/12/20 18:08,12/12/20 18:11,0,108.18.96.52,100,199,1,12/12/20 18:11,R_3m994MotqCYUlM7,,,,,38.76789856,-77.45339966,anonymous,EN,1,2,0,4,1,3,1,6.247,49.613,50.5,17,4,1,,2,1,2,1,2,1,71,48,2,41,1,,,"1,4,11",4,1,3,67768,usabaseapp
12/12/20 18:08,12/12/20 18:11,0,73.129.179.51,100,191,1,12/12/20 18:11,R_3iIGUlRQtTWbPQL,,,,,39.34080505,-76.40779877,anonymous,EN,1,1,0,4,3,2,1,6.685,51.571,52.5,11,60,2,,2,2,1,1,2,1,80,21,1,43,1,,,"1,2,3,4,7,11",8,1,3,98911,chinahatedapp
12/12/20 18:08,12/12/20 18:11,0,100.11.166.192,100,174,1,12/12/20 18:11,R_2CCJ4Zmk6Bxh6Gb,,,,,39.79789734,-75.53170013,anonymous,EN,1,3,1,4,3,4,4,3.599,31.33,32.475,10,24,6,,1,1,2,1,1,2,24,48,1,29,1,,,"1,2,10,11",5,2,4,48604,chinahatedapp
12/12/20 18:08,12/12/20 18:11,0,73.206.73.209,100,163,1,12/12/20 18:11,R_0MoP971G8SoZ8Hf,,,,,29.57989502,-95.60849762,anonymous,EN,0.9,3,1,4,5,4,4,1.872,19.664,21.911,10,71,5,,3,2,1,,2,1,72,11,1,26,1,,,"1,3,10",5,2,4,44492,estoniabaseapp
12/12/20 18:08,12/12/20 18:11,0,196.17.64.104,100,178,1,12/12/20 18:11,R_02pSfhrdU0RXrFv,,,,,34.05439758,-118.2440033,anonymous,EN,0.9,5,1,5,4,5,6,11.591,32.697,33.623,11,100,7,,1,1,2,1,2,1,100,5,2,66,1,,,"1,2,5,10,11",6,1,4,42047,chinabaseapp
12/12/20 18:08,12/12/20 18:11,0,162.82.200.131,100,214,1,12/12/20 18:11,R_RKVJjXHf7UbDVo5,,,,,42.51800537,-83.1576004,anonymous,EN,1,2,1,3,2,3,2,2.901,51.145,52.114,24,25,4,,3,1,,,2,1,50,23,2,41,1,,,"1,4,5,6,11",5,1,4,92552,chinalovedapp
12/12/20 18:09,12/12/20 18:11,0,67.249.177.120,100,157,1,12/12/20 18:11,R_3hfOaxL6a6OcXog,,,,,43.03070068,-74.98760223,anonymous,EN,1,1,0,1,5,1,1,2.121,61.957,62.6,21,0,1,,2,1,2,1,1,1,50,33,1,38,1,,,"1,3,4,7,11",6,3,5,40822,chinabaseapp
12/12/20 18:08,12/12/20 18:12,0,24.180.138.70,100,207,1,12/12/20 18:12,R_3Gvn2xT3yK1119R,,,,,43.17720032,-85.24729919,anonymous,EN,0.8,1,0,3,5,1,2,5.102,41.342,42.266,23,70,4,,3,2,2,2,2,1,81,23,1,42,1,,,"1,4,7,11",3,1,2,25704,chinalovedapp
12/12/20 18:09,12/12/20 18:12,0,73.243.197.166,100,172,1,12/12/20 18:12,R_OfkczLJAsr0pTEd,,,,,39.62530518,-104.7863007,anonymous,EN,1,1,0,3,2,2,6,4.429,47.638,48.665,11,50,3,,2,2,2,2,2,1,50,6,1,43,1,,,"1,2,3,4,7,10,11",3,3,2,61839,chinabaseapp
12/12/20 18:09,12/12/20 18:12,0,24.208.188.198,100,173,1,12/12/20 18:12,R_8J5qmp6aA1H4ao9,,,,,40.74159241,-84.15219879,anonymous,EN,1,1,0,5,1,1,1,1.87,31.637,32.921,11,0,1,,1,1,1,1,1,2,4,36,1,41,1,,,"1,4,6,7,11",4,2,2,37138,usabaseapp
12/12/20 18:09,12/12/20 18:12,0,196.17.66.100,100,184,1,12/12/20 18:12,R_3gTwb7C8Ko97e4q,,,,,34.05439758,-118.2440033,anonymous,EN,1,4,1,5,5,4,4,0.755,27.762,28.891,21,93,6,,3,1,1,2,1,1,89,5,1,58,1,,,"1,2,5,11",5,2,4,35600,chinalovedapp
12/12/20 18:08,12/12/20 18:12,0,99.66.2.243,100,243,1,12/12/20 18:12,R_3P4PndjhQHiPZG8,,,,,30.17070007,-95.50189972,anonymous,EN,0.8,2,0,4,2,4,2,15.703,49.885,50.638,26,62,5,,2,1,1,1,2,1,72,45,2,41,1,,,"1,2,5,6,11",4,2,4,83725,chinahatedapp
12/12/20 18:08,12/12/20 18:12,0,68.3.41.36,100,239,1,12/12/20 18:12,R_3Mos9pMkhyYtkkP,,,,,33.50379944,-112.0252991,anonymous,EN,0.8,1,0,3,1,1,1,3.43,50.502,52.153,12,0,1,,1,2,1,1,1,2,6,3,1,68,6,Caucasian,,"1,2,3,4,7,11",8,2,6,81235,usabaseapp
12/12/20 18:07,12/12/20 18:12,0,47.209.37.204,100,291,1,12/12/20 18:12,R_2VQQ5NjRhLxplIM,,,,,37.50140381,-118.4048004,anonymous,EN,1,1,0,2,4,2,1,5.778,45.011,45.868,17,8,1,,3,2,2,2,1,1,71,5,1,31,4,,5,"1,2,4,6,7,11",2,1,2,19727,chinahatedapp
12/12/20 18:09,12/12/20 18:12,0,216.186.159.106,100,158,1,12/12/20 18:12,R_2pLVpENd25aYk0S,,,,,27.78889465,-82.71920013,anonymous,EN,1,2,0,3,1,4,2,5.762,58.113,59.266,25,49,3,,3,,2,,2,1,49,10,2,35,1,,,1,4,3,2,52879,chinabaseapp
12/12/20 18:09,12/12/20 18:12,0,96.242.166.13,100,218,1,12/12/20 18:12,R_x5HgYQZMLs3Zkvn,,,,,40.79379272,-74.4878006,anonymous,EN,0.8,3,1,4,4,5,5,4.319,21.62,23.402,11,78,5,,2,2,1,2,2,1,61,31,1,67,1,,,"2,7,10",5,1,3,36499,usabaseapp
12/12/20 18:07,12/12/20 18:13,0,67.233.159.42,100,327,1,12/12/20 18:13,R_ZjCNCbPkMCgaZ6p,,,,,28.93409729,-81.9598999,anonymous,EN,1,2,1,3,2,2,1,12.031,88.396,89.702,15,50,2,,3,1,2,2,1,1,80,10,1,45,1,,,"1,2,3,4,7,11",5,3,2,97025,chinabaseapp
12/12/20 18:07,12/12/20 18:13,0,68.9.87.234,100,321,1,12/12/20 18:13,R_1o0GNTBPTee8VCs,,,,,41.88600159,-71.34570313,anonymous,EN,1,3,0,3,3,3,2,0.308,5.499,5.965,15,67,3,,2,,,2,1,2,60,41,1,25,1,,,"1,4,6,9",4,3,3,57118,chinahatedapp
12/12/20 18:08,12/12/20 18:13,0,24.55.155.66,100,302,1,12/12/20 18:13,R_1hSeUixdXzYC1Zq,,,,,40.52009583,-75.77680206,anonymous,EN,1,1,0,3,2,1,1,5.953,99.862,101.743,23,17,2,,1,1,,1,,,64,39,2,57,1,,,"1,2,7,11",3,3,3,88121,chinahatedapp
12/12/20 18:09,12/12/20 18:13,0,76.222.214.144,100,254,1,12/12/20 18:13,R_2e2bydrcWP7eX4m,,,,,42.17599487,-87.80899811,anonymous,EN,0.9,1,0,4,2,1,1,4.007,61.001,62.584,10,0,1,,1,1,1,1,1,2,25,14,3,70,7,,,13,9,5,7,99200,usabaseapp
12/12/20 18:08,12/12/20 18:13,0,68.84.166.92,100,315,1,12/12/20 18:13,R_qy0UlWgAaAe03PH,,,,,42.69189453,-83.05580139,anonymous,EN,1,3,1,4,4,4,2,1.47,16.596,17.687,10,93,6,,2,1,1,1,1,1,86,26,1,32,1,,,"1,2,7,10,11",6,1,3,61670,chinalovedapp
12/12/20 18:10,12/12/20 18:13,0,37.120.157.150,100,167,1,12/12/20 18:13,R_WBCUWYpdMX7vP4l,,,,,25.78059387,-80.18260193,anonymous,EN,0.9,2,1,4,3,4,4,11.213,34.822,35.512,16,81,6,,3,2,1,1,2,1,80,49,2,28,2,,,"1,2,5,6,7,10",8,1,3,57771,usabaseapp
12/12/20 18:08,12/12/20 18:13,0,23.117.40.62,100,328,1,12/12/20 18:13,R_1gAVBfCBZRvw9H0,,,,,29.91490173,-81.36720276,anonymous,EN,0.8,1,0,1,5,1,1,7.218,66.434,68.193,10,9,1,,1,1,1,1,1,2,21,10,1,63,1,,,"3,11",5,2,5,49722,chinabaseapp
12/12/20 18:10,12/12/20 18:13,0,97.84.58.12,100,168,1,12/12/20 18:13,R_3KJdDEtpoZ6AmBn,,,,,34.17579651,-86.82900238,anonymous,EN,1,2,1,4,4,4,2,1.177,12.447,13.378,10,100,7,,2,1,1,1,1,1,93,1,2,32,1,,,"1,2,7,10",6,1,3,34577,estoniabaseapp
12/12/20 18:08,12/12/20 18:13,0,76.188.15.89,100,317,1,12/12/20 18:13,R_2waTZ78aqDfBx6K,,,,,40.73539734,-82.52200317,anonymous,EN,1,4,0,4,2,2,1,13.023,106.465,107.269,16,30,2,,3,2,2,,2,1,70,36,2,41,1,,,"1,2,4,7,11",2,1,2,20898,usabaseapp
12/12/20 18:10,12/12/20 18:13,0,23.84.70.152,100,222,1,12/12/20 18:13,R_3LdMClKB7teA1hJ,,,,,38.65519714,-90.24949646,anonymous,EN,1,2,1,4,3,3,2,6.136,58.893,59.853,10,46,3,,2,2,2,2,2,1,58,26,2,27,4,,2,"1,3,4,6,7,11",5,1,4,17780,estoniabaseapp
12/12/20 18:09,12/12/20 18:13,0,96.32.89.245,100,277,1,12/12/20 18:13,R_1jTK3TbRYVgIXXT,,,,,33.94819641,-83.99440002,anonymous,EN,0.8,4,1,4,5,4,3,8.701,22.834,23.73,10,71,5,,2,1,1,2,2,1,70,11,2,27,1,,,"1,2,3,6,11",5,2,2,52671,chinahatedapp
12/12/20 18:07,12/12/20 18:14,0,99.25.96.104,100,367,1,12/12/20 18:14,R_BXT56YIrDE91fXz,,,,,41.38470459,-81.79820251,anonymous,EN,1,2,1,4,3,3,2,10.002,97.096,99.108,13,50,4,,2,,,2,,1,92,36,3,49,7,,,"1,3,4,6,11",9,5,7,97461,usabaseapp
12/12/20 18:07,12/12/20 18:14,0,73.214.83.191,100,375,1,12/12/20 18:14,R_1NEOgGotztEMKaZ,,,,,39.6519928,-79.94439697,anonymous,EN,1,4,1,4,2,1,1,2.504,63.94,64.777,12,0,1,,3,2,2,2,2,2,50,50,1,40,"1,4",,6,"1,2,3,4,7,11",5,1,3,22079,chinalovedapp
12/12/20 18:09,12/12/20 18:14,0,47.222.198.174,100,290,1,12/12/20 18:14,R_2qvYNxhBqz1Fygx,,,,,32.50549316,-95.40309906,anonymous,EN,1,3,1,4,4,3,4,3.999,31.411,33.82,13,87,6,,2,2,2,1,2,1,87,45,1,44,2,,,"1,2",6,2,3,59762,estoniabaseapp
12/12/20 18:10,12/12/20 18:14,0,45.24.66.214,100,238,1,12/12/20 18:14,R_31TLRMchWq9wZXN,,,,,32.769104,-96.6053009,anonymous,EN,1,6,1,4,2,4,3,4.2,65.831,66.73,10,42,4,,2,1,1,2,2,1,54,45,1,34,1,,,"4,6,7,11",5,2,2,20890,chinalovedapp
12/12/20 18:08,12/12/20 18:14,0,71.239.148.143,100,346,1,12/12/20 18:14,R_eQaSzXGcUZA3izD,,,,,41.67799377,-88.13950348,anonymous,EN,0.9,4,1,4,4,4,4,3.191,29.474,30.801,14,22,5,,3,1,2,1,1,2,10,48,1,29,1,,,"1,2,10,11",5,2,4,22470,estoniabaseapp
12/12/20 18:07,12/12/20 18:14,0,50.32.133.26,100,404,1,12/12/20 18:14,R_3h3FG35w7i1Vme1,,,,,41.34719849,-75.98539734,anonymous,EN,1,3,1,4,2,3,1,19.231,89.411,90.444,19,30,2,,2,1,,1,,,50,39,2,46,1,,,"1,2,4,7,11",5,3,3,59510,estoniabaseapp
12/12/20 18:11,12/12/20 18:14,0,74.64.68.127,100,189,1,12/12/20 18:14,R_1BxDqXbeaWRywil,,,,,41.61810303,-74.32659912,anonymous,EN,1,3,1,4,2,4,3,4.164,37.842,38.612,12,65,5,,3,1,2,2,2,1,80,33,1,24,"1,4",,2,"1,2,3,4,6,7,8,11",5,1,4,43752,chinabaseapp
12/12/20 18:08,12/12/20 18:14,0,71.57.35.98,100,349,1,12/12/20 18:14,R_2U4oBi3NZkLEEZ6,,,,,41.67860413,-85.957901,anonymous,EN,0.9,5,1,5,4,5,5,2.561,117.801,121.439,19,93,5,,2,1,1,2,,1,87,10,1,32,1,,,"1,2,3,4,5,6,7,8,10,11",6,1,4,48085,chinahatedapp
12/12/20 18:09,12/12/20 18:14,0,173.29.212.98,100,321,1,12/12/20 18:14,R_D7XCeTD6nw8z7ln,,,,,38.96020508,-122.6334,anonymous,EN,0.9,1,0,3,1,3,1,7.376,66.118,71.116,10,100,4,,3,,,,,,100,5,1,26,1,,,"4,11",2,3,7,93118,chinalovedapp
12/12/20 18:07,12/12/20 18:14,0,98.190.60.183,100,422,1,12/12/20 18:14,R_efEuZudT7PdofhD,,,,,37.07369995,-76.49880219,anonymous,EN,1,2,0,3,4,4,1,10.301,112.794,116.873,11,38,3,,3,,2,2,2,1,38,48,1,59,2,,,"1,11",4,3,2,18345,estoniabaseapp
12/12/20 18:08,12/12/20 18:15,0,45.46.202.239,100,372,1,12/12/20 18:15,R_9Lbw2pwYTpaSBdD,,,,,43.09080505,-77.43479919,anonymous,EN,0.9,3,1,4,3,4,1,2.815,58.679,59.566,12,63,5,,2,2,1,1,1,1,51,33,2,34,1,,,"1,2,6,7,10,11",5,1,2,40556,chinabaseapp
12/12/20 18:08,12/12/20 18:15,0,71.28.172.134,100,419,1,12/12/20 18:15,R_3fGBCtDNlTvTAA4,,,,,38.66470337,-84.07849884,anonymous,EN,1,3,0,4,4,2,2,8.961,184.668,186.072,10,10,2,,2,1,1,1,1,1,64,18,2,60,1,,,"1,2,4,11",4,1,2,54335,chinabaseapp
12/12/20 18:08,12/12/20 18:15,0,74.134.152.187,100,408,1,12/12/20 18:15,R_3Lin8fb9q0EH9fb,,,,,38.3085022,-85.81600189,anonymous,EN,0.8,1,0,4,3,1,1,6.217,66.59,68.521,11,19,1,,2,1,1,1,1,2,87,15,2,64,"1,3",,,"1,11",6,3,2,41829,estoniabaseapp
12/12/20 18:08,12/12/20 18:15,0,68.111.136.73,100,416,1,12/12/20 18:15,R_1oc2u5VQMQmpxo9,,,,,33.13659668,-117.0610962,anonymous,EN,0.9,1,0,4,3,3,1,6.929,58.528,87.722,14,45,4,,3,2,2,2,2,1,60,5,1,39,1,,,"1,2,7,11",5,3,2,96820,estoniabaseapp
12/12/20 18:08,12/12/20 18:16,0,24.246.174.54,100,499,1,12/12/20 18:16,R_2w4hPr9SlffnJrr,,,,,35.35960388,-82.4265976,anonymous,EN,1,1,0,4,2,2,1,4.169,51.493,53.832,11,20,3,,2,1,1,1,2,1,81,34,1,61,1,,,"1,2,3,4,11",6,1,3,56735,usabaseapp
12/12/20 18:07,12/12/20 18:16,0,196.16.109.134,100,522,1,12/12/20 18:16,R_2wz54ZUsIygMbDz,,,,,34.05439758,-118.2440033,anonymous,EN,0.9,5,1,5,2,3,2,5.27,55.997,57.092,17,69,6,,3,1,1,2,1,1,74,5,2,41,1,,,"1,2,7,10,11",5,1,5,62150,chinalovedapp
12/12/20 18:10,12/12/20 18:16,0,76.209.100.118,100,398,1,12/12/20 18:16,R_2V4IXz0lVH3z5We,,,,,33.91349792,-84.68589783,anonymous,EN,1,1,0,3,5,1,1,5.688,84.924,86.307,21,25,2,,2,1,,1,2,,80,11,2,52,1,,,"1,2,3,4,5,7,11",5,2,4,14491,chinabaseapp
12/12/20 18:11,12/12/20 18:16,0,196.17.67.8,100,357,1,12/12/20 18:16,R_AMXOuoqiaHWO8h3,,,,,34.05439758,-118.2440033,anonymous,EN,1,4,1,3,4,4,5,3.525,82.054,82.868,8,85,6,,3,1,1,1,1,1,89,5,1,51,1,,,"1,2,3",6,2,4,73606,chinalovedapp
12/12/20 18:08,12/12/20 18:17,0,196.17.64.56,100,514,1,12/12/20 18:17,R_10ZzM9lisA3w2Xo,,,,,34.05439758,-118.2440033,anonymous,EN,0.9,3,1,5,5,5,4,1.876,170.451,171.433,12,71,5,,2,2,,2,1,2,72,6,2,37,1,,,"1,2,3,10",5,1,2,30543,estoniabaseapp
12/12/20 18:10,12/12/20 18:17,0,196.17.66.145,100,438,1,12/12/20 18:17,R_UaNnaVtafKjEJs5,,,,,34.05439758,-118.2440033,anonymous,EN,0.8,4,1,4,4,3,3,3.908,41.36,43.405,17,80,6,,3,,1,1,1,,70,5,2,36,1,,,"1,2,5,7,10,11",5,1,4,81435,chinahatedapp
12/12/20 18:15,12/12/20 18:17,0,63.75.242.201,100,126,1,12/12/20 18:17,R_2y8x5lOM6bg7F22,,,,,40.43060303,-74.40200043,anonymous,EN,0.9,4,1,4,3,4,3,1.793,14.501,15.338,13,65,5,,2,1,2,1,2,1,73,33,2,60,1,,,"1,10",5,1,5,79749,estoniabaseapp
12/12/20 18:08,12/12/20 18:17,0,196.17.64.96,100,572,1,12/12/20 18:17,R_UF7YTwMbtNsd8GJ,,,,,34.05439758,-118.2440033,anonymous,EN,0.8,3,1,4,4,4,4,2.736,66.797,68.095,12,61,5,,2,2,1,2,2,1,71,45,1,54,6,hispanic or latino,,"1,2,5,7,8,10,11",5,1,3,69916,chinahatedapp
12/12/20 18:11,12/12/20 18:17,0,45.71.19.176,100,360,1,12/12/20 18:17,R_2zezNQ40aoKdu4l,,,,,40.69940186,-73.88829803,anonymous,EN,0.9,3,1,4,3,3,3,2.768,60.022,60.706,16,75,5,,2,1,2,2,,1,80,36,1,52,1,,,"1,2,6,7,8",5,1,3,84906,chinahatedapp
12/12/20 18:09,12/12/20 18:18,0,196.17.66.78,100,495,1,12/12/20 18:18,R_2QPudUtjOASqtVi,,,,,34.05439758,-118.2440033,anonymous,EN,0.9,5,1,4,4,4,4,49.867,73.752,74.745,14,90,6,,3,1,2,1,2,1,80,5,2,64,1,,,"1,2,3,7,10,11",6,1,3,67213,chinalovedapp
12/12/20 18:09,12/12/20 18:18,0,199.27.175.146,100,577,1,12/12/20 18:18,R_1K89Cxd2SAv01WH,,,,,34.17179871,-118.3199997,anonymous,EN,0.9,3,1,4,5,5,4,6.871,155.068,158.274,19,88,6,,3,1,2,1,2,1,91,5,2,51,1,,,"1,5,6,7,10,11",6,1,3,35777,chinalovedapp
12/12/20 18:16,12/12/20 18:19,0,196.17.65.138,100,168,1,12/12/20 18:19,R_3fPlbwBxDv6ndS4,,,,,34.05439758,-118.2440033,anonymous,EN,1,4,1,4,4,4,4,1.717,20.268,20.947,20,93,7,,3,1,1,2,1,2,90,5,1,51,1,,,"1,2,3,7,10,11",6,1,3,82460,chinabaseapp
12/12/20 18:12,12/12/20 18:19,0,196.17.64.70,100,439,1,12/12/20 18:19,R_ymPuLNCVug4SMO5,,,,,34.05439758,-118.2440033,anonymous,EN,,3,1,5,5,4,5,3.085,20.153,21.612,11,81,6,,3,1,1,1,2,1,86,5,1,52,1,,,"1,2,5,10,11",5,2,4,71926,chinahatedapp
12/12/20 18:08,12/12/20 18:19,0,141.214.17.232,100,718,1,12/12/20 18:19,R_3nw1g1ZUQkRm9Fy,,,,,42.28070068,-83.78009796,anonymous,EN,1,5,1,5,3,1,5,3.969,133.191,133.964,13,10,1,,2,2,1,2,2,1,88,23,1,28,1,,,"1,2,3,4,5,6,7,10,11",5,3,3,39338,chinabaseapp
12/12/20 18:07,12/12/20 18:20,0,67.240.205.191,100,740,1,12/12/20 18:20,R_3FUQVJfezeOVVBq,,,,,43.21429443,-77.93920135,anonymous,EN,1,1,0,4,2,2,1,1.77,23.701,26.042,11,23,3,,2,1,2,2,1,1,58,33,1,28,1,,,"1,2,4,5,7,11",5,1,2,84634,chinahatedapp
12/12/20 18:10,12/12/20 18:20,0,24.28.71.125,100,620,1,12/12/20 18:20,R_1i57rXD4BXVuFTV,,,,,30.40319824,-97.75299835,anonymous,EN,1,1,0,3,4,2,1,5.047,56.837,57.812,11,33,1,,2,2,2,2,,2,50,45,2,41,2,,,"1,2,5,7,11",3,3,2,34460,chinahatedapp
12/12/20 18:16,12/12/20 18:20,0,108.64.75.194,100,242,1,12/12/20 18:20,R_ByyvFoFHXPtSNzP,,,,,38.06629944,-122.1654968,anonymous,EN,1,1,0,2,4,2,3,2.841,48.39,49.237,19,42,3,,3,1,2,2,2,1,41,5,2,39,1,,,"1,2,3,4,5,6,7,11",5,1,6,22403,chinahatedapp
12/12/20 18:18,12/12/20 18:20,0,173.91.109.51,100,148,1,12/12/20 18:20,R_2uV9yaYBeQeiseY,,,,,41.46000671,-82.17479706,anonymous,EN,1,3,1,3,3,3,1,4.662,39.176,39.837,16,30,2,,3,,,,,,73,36,1,38,1,,,"1,2,4,5,7,10,11",4,3,2,35045,chinalovedapp
12/12/20 18:19,12/12/20 18:20,0,47.7.97.67,100,69,1,12/12/20 18:20,R_2EFRchou2PasnWk,,,,,30.54359436,-89.68959808,anonymous,EN,1,4,1,5,4,3,4,0.493,19.114,19.639,25,76,6,,3,2,2,1,2,2,85,25,1,35,1,,,1,5,2,3,33209,estoniabaseapp
12/12/20 18:15,12/12/20 18:20,0,196.17.64.212,100,294,1,12/12/20 18:20,R_3oEHgtdlfVCXZrt,,,,,34.05439758,-118.2440033,anonymous,EN,0.9,4,1,4,4,4,4,1.079,27.647,28.232,7,72,5,,3,1,1,1,1,,91,5,2,42,1,,,"1,2,3",5,2,4,82240,usabaseapp
12/12/20 18:08,12/12/20 18:20,0,73.58.156.36,100,761,1,12/12/20 18:20,R_2fdR7xQyTnRNNwM,,,,,36.07110596,-86.71959686,anonymous,EN,1,1,0,3,4,2,1,12.091,138.741,140.492,10,30,3,,2,1,,1,1,,70,44,2,57,1,,,"1,2,3,11",6,3,2,19413,chinalovedapp
12/12/20 18:11,12/12/20 18:21,0,72.84.109.234,100,636,1,12/12/20 18:21,R_3CCqs6wuPm438oQ,,,,,36.79690552,-76.17970276,anonymous,EN,1,2,1,4,1,4,2,4.053,60.33,61.246,16,60,5,,3,2,2,2,2,1,70,48,2,46,1,,,"1,2,3,4,6,7,11",2,1,3,46101,usabaseapp
12/12/20 18:09,12/12/20 18:21,0,50.231.89.23,100,747,1,12/12/20 18:21,R_8Id5UGd3jMC2XF7,,,,,33.89830017,-84.58930206,anonymous,EN,0.9,3,1,4,4,2,1,20.041,318.936,320.16,13,20,2,,1,2,2,,2,2,30,45,1,47,1,,,1,5,1,3,70888,usabaseapp
12/12/20 18:18,12/12/20 18:21,0,38.68.36.34,100,181,1,12/12/20 18:21,R_2EiYdiXpdQDbVjr,,,,,37.75100708,-97.8219986,anonymous,EN,1,3,1,3,3,3,2,4.473,43.649,45.779,15,51,4,,2,2,,,1,1,55,29,1,29,2,,,"1,2,10,11",5,1,2,33362,chinabaseapp
12/12/20 18:19,12/12/20 18:22,0,63.75.250.243,100,156,1,12/12/20 18:22,R_1q1A7R91D2ydDTh,,,,,42.58360291,-83.49890137,anonymous,EN,0.9,6,0,4,4,4,4,1.301,12.959,13.781,12,82,7,,3,2,1,2,1,1,100,22,1,38,3,,,"1,2,10",6,2,3,40698,chinalovedapp
12/12/20 18:08,12/12/20 18:23,0,76.89.209.36,100,914,1,12/12/20 18:23,R_1rrBtFe8wZmK7bS,,,,,33.71879578,-118.0032959,anonymous,EN,1,2,0,2,3,3,2,7.686,148.118,185.307,21,65,5,,2,2,,2,2,,61,5,2,37,1,,,"1,2,7,11",5,2,3,38140,chinahatedapp
12/12/20 18:21,12/12/20 18:23,0,100.10.31.129,100,121,1,12/12/20 18:23,R_3hhi4yxnp0hnDlL,,,,,41.69250488,-71.57050323,anonymous,EN,0.9,3,0,2,4,4,4,1.611,15.155,16.474,15,67,3,,2,2,,2,1,2,69,48,1,30,1,,,"1,2,10,11",5,2,2,80497,chinabaseapp
12/12/20 18:13,12/12/20 18:23,0,71.136.150.232,100,577,1,12/12/20 18:23,R_2rl1iwiFop69fsq,,,,,35.6598053,-83.98670197,anonymous,EN,1,3,1,4,3,1,1,22.263,169.487,170.747,13,10,1,,1,1,1,,1,2,76,44,2,71,1,,,"1,2,11",4,2,2,14148,usabaseapp
12/12/20 18:20,12/12/20 18:23,0,196.17.64.122,100,208,1,12/12/20 18:23,R_blVTroWsO5fvw4x,,,,,34.05439758,-118.2440033,anonymous,EN,0.9,4,1,5,5,5,5,5.372,18.321,19.082,11,84,6,,1,1,1,2,1,1,82,5,1,57,1,,,"1,2,5,10,11",5,2,4,56996,chinabaseapp
12/12/20 18:20,12/12/20 18:24,0,47.224.50.72,100,246,1,12/12/20 18:24,R_6VSZVKegszcVPFv,,,,,45.60800171,-84.48670197,anonymous,EN,1,2,1,3,2,3,2,4.877,58.459,59.897,10,50,5,,3,2,2,2,1,,50,23,1,46,1,,,"1,2,4,6,7,11",5,1,3,38784,chinahatedapp
12/12/20 18:19,12/12/20 18:24,0,98.10.51.54,100,291,1,12/12/20 18:24,R_Au25yOlOyd88iRP,,,,,43.08009338,-77.63420105,anonymous,EN,0.9,3,1,4,4,5,3,2.744,35.074,36.087,12,80,7,,1,1,2,1,2,1,80,7,1,27,1,,,"1,2,7,10,11",5,1,3,74581,usabaseapp
12/12/20 18:14,12/12/20 18:25,0,104.37.172.149,100,658,1,12/12/20 18:25,R_2eP6SEGHTPVTX5M,,,,,32.77870178,-96.82170105,anonymous,EN,0.9,2,1,5,5,5,3,3.803,188.219,189.467,25,100,7,,3,1,1,1,1,1,0,36,2,50,1,,,"1,2,11",5,1,2,79240,chinalovedapp
12/12/20 18:19,12/12/20 18:25,0,196.17.64.252,100,344,1,12/12/20 18:25,R_3CWsME4vuW8Usbl,,,,,34.05439758,-118.2440033,anonymous,EN,0.9,4,1,4,5,3,3,5.025,45.196,46.602,11,88,6,,3,2,1,2,1,2,93,48,1,58,1,,,"1,2,6",5,1,2,15272,chinahatedapp
12/12/20 18:23,12/12/20 18:25,0,196.17.67.182,100,151,1,12/12/20 18:25,R_3J3r2eAJfWyyzaX,,,,,34.05439758,-118.2440033,anonymous,EN,0.9,5,1,4,5,4,6,1.455,13.962,14.661,15,100,7,,1,1,1,1,1,1,100,5,2,57,1,,,"1,2,7,10,11",6,1,4,44391,chinahatedapp
12/12/20 18:15,12/12/20 18:26,0,67.11.101.181,100,615,1,12/12/20 18:26,R_urA1V9GlE8qOomJ,,,,,29.65840149,-98.498703,anonymous,EN,1,4,1,4,4,5,2,10.523,26.817,27.782,12,82,5,,1,1,1,1,1,1,71,10,1,36,1,,,"1,2,7",5,2,4,48772,chinalovedapp
12/12/20 18:22,12/12/20 18:26,0,196.17.66.63,100,204,1,12/12/20 18:26,R_cUdMI9FIGEF1sVH,,,,,34.05439758,-118.2440033,anonymous,EN,1,4,1,4,4,4,4,14.275,21.105,21.54,11,81,6,,3,1,1,2,1,2,94,5,1,51,1,,,"1,2,3",6,2,4,83281,estoniabaseapp
12/12/20 18:21,12/12/20 18:26,0,98.35.81.150,100,313,1,12/12/20 18:26,R_3Ma3DkikH7r84qs,,,,,37.30279541,-121.9981995,anonymous,EN,0.9,2,1,5,5,3,2,6.901,36.928,39.186,16,70,7,,3,1,1,2,1,1,84,5,1,36,1,,,"1,2,10,11",5,1,3,33198,estoniabaseapp
12/12/20 18:22,12/12/20 18:27,0,107.207.169.27,100,260,1,12/12/20 18:27,R_2DS2UGIKUWzUU4z,,,,,37.44459534,-122.1835022,anonymous,EN,1,1,0,3,2,2,1,4.375,112.596,113.646,14,30,3,,2,2,2,2,2,1,88,5,2,48,"1,4",,6,"1,3,7,11",6,3,3,50920,chinahatedapp
12/12/20 18:24,12/12/20 18:27,0,71.61.18.143,100,170,1,12/12/20 18:27,R_2E75kxjlhPU1dDV,,,,,40.4322052,-80.10209656,anonymous,EN,1,6,1,4,4,3,3,4.792,49.868,51.79,13,40,4,,3,,2,2,2,1,65,39,1,41,1,,,"1,2,3,4,7,11",5,3,3,51771,chinalovedapp
12/12/20 18:20,12/12/20 18:27,0,71.219.8.119,100,389,1,12/12/20 18:27,R_a8zLnqYtRpxgN69,,,,,38.03210449,-78.48899841,anonymous,EN,1,1,0,4,1,3,1,1.225,178.912,179.601,38,31,2,,3,2,2,2,2,1,80,48,2,28,1,,,"1,2,4,5,11",2,3,2,13204,estoniabaseapp
12/12/20 18:22,12/12/20 18:27,0,68.168.211.40,100,307,1,12/12/20 18:27,R_2c1oASizEjDEfHb,,,,,37.75100708,-97.8219986,anonymous,EN,1,3,1,4,5,3,3,15.22,54.433,56.486,14,82,6,,1,1,1,1,1,1,83,39,1,30,1,,,"1,2,6,10,11",5,1,2,88013,usabaseapp
12/12/20 18:17,12/12/20 18:27,0,196.17.66.150,100,636,1,12/12/20 18:27,R_31SGilIapmDfEO7,,,,,34.05439758,-118.2440033,anonymous,EN,1,3,1,4,5,4,4,58.404,74.041,78.331,15,88,6,,1,1,1,1,2,1,92,5,1,45,1,,,"1,2,5,10,11",5,2,4,59629,chinalovedapp
12/12/20 18:25,12/12/20 18:28,0,196.17.64.24,100,189,1,12/12/20 18:28,R_2zMaHDK0HDxqI5J,,,,,34.05439758,-118.2440033,anonymous,EN,0.9,4,1,4,4,3,4,2.539,9.755,10.325,12,86,6,,3,1,2,1,2,1,92,5,1,67,1,,,"1,2,3",6,2,3,85182,estoniabaseapp
12/12/20 18:23,12/12/20 18:29,0,69.115.237.12,100,355,1,12/12/20 18:29,R_0uKfbWcllamR60x,,,,,40.82749939,-73.12249756,anonymous,EN,0.9,4,1,4,5,5,3,6.873,92.4,92.301,34,78,5,,2,1,2,1,1,1,75,7,2,27,1,,,"1,2,6,7,10,11",5,1,3,44431,chinabaseapp
12/12/20 18:24,12/12/20 18:29,0,196.17.64.162,100,296,1,12/12/20 18:29,R_1P80qMisgQN6EmF,,,,,34.05439758,-118.2440033,anonymous,EN,0.9,2,1,4,2,3,1,8.661,119.296,120.69,17,19,2,,2,2,1,2,2,1,50,5,2,44,1,,,"1,2,3,5,7,10,11",6,1,3,49999,chinalovedapp
12/12/20 18:16,12/12/20 18:31,0,196.17.65.110,100,844,1,12/12/20 18:31,R_26gVOHcg8QsV6bG,,,,,34.05439758,-118.2440033,anonymous,EN,1,4,1,5,4,5,4,1.902,11.366,11.775,13,96,7,,1,1,1,1,2,1,92,5,1,59,1,,,"1,2,5,10,11",5,2,4,70561,chinahatedapp
12/12/20 18:29,12/12/20 18:32,0,12.204.36.2,100,133,1,12/12/20 18:32,R_1lbFGhdirtRnWhX,,,,,32.89830017,-96.12609863,anonymous,EN,0.9,1,0,1,5,1,1,2.443,32.409,33.599,12,0,1,,1,1,1,1,1,2,10,45,1,29,1,,,"1,2,4,7,11",2,2,2,52975,chinabaseapp
12/12/20 18:28,12/12/20 18:32,0,98.212.214.93,100,209,1,12/12/20 18:32,R_3Piapk8LLzt3GKp,,,,,42.01280212,-88.09670258,anonymous,EN,1,2,0,4,1,3,1,0.663,58.527,60.032,26,13,2,,2,1,2,1,2,1,90,14,1,34,4,,4,"1,2,3,4,7,10,11",6,1,3,58598,usabaseapp
12/12/20 18:24,12/12/20 18:32,0,196.17.65.206,100,469,1,12/12/20 18:32,R_3NQhPOT1xhbh6Jq,,,,,34.05439758,-118.2440033,anonymous,EN,0.9,5,1,4,4,4,4,5.254,53.496,54.719,15,56,7,,2,1,2,1,2,1,81,5,2,56,1,,,"2,6,10,11",6,1,3,93711,chinabaseapp
12/12/20 18:26,12/12/20 18:33,0,98.121.85.176,100,423,1,12/12/20 18:33,R_31BjmICzEPbYmLl,,,,,36.1053009,-79.87619781,anonymous,EN,0.9,2,1,4,4,5,2,64.792,75.03,75.603,14,73,6,,2,1,1,,1,1,79,34,1,36,1,,,"1,2,7",5,2,4,19383,usabaseapp
12/12/20 18:15,12/12/20 18:34,0,76.185.81.50,100,1122,1,12/12/20 18:34,R_xhdrrqfRvLlzEGd,,,,,32.69099426,-97.19180298,anonymous,EN,0.9,3,1,4,3,4,1,2.141,867.535,869.851,12,62,5,,3,1,,2,1,1,53,45,2,45,3,,,"1,6,10",5,1,3,32796,estoniabaseapp
12/12/20 18:27,12/12/20 18:34,0,196.17.66.89,100,431,1,12/12/20 18:34,R_117Nkk3yQ4gMACR,,,,,34.05439758,-118.2440033,anonymous,EN,0.9,5,1,4,4,4,4,1.575,15.698,16.841,12,89,6,,3,1,1,1,1,1,90,5,2,55,1,,,"1,2,7,10,11",6,1,3,46436,chinalovedapp
12/12/20 18:34,12/12/20 18:36,0,8.18.121.71,100,137,1,12/12/20 18:36,R_2WBegjLUvWGYCNG,,,,,37.75100708,-97.8219986,anonymous,EN,1,4,1,4,4,5,4,1.389,21.891,23.421,15,76,6,,3,1,2,2,1,2,79,38,1,65,1,,,2,5,3,2,43266,chinabaseapp
12/12/20 18:31,12/12/20 18:37,0,104.11.61.83,100,362,1,12/12/20 18:37,R_1LdNa5LtrMNpJW4,,,,,37.95770264,-122.0756989,anonymous,EN,0.9,2,1,4,2,3,1,4.85,98.7,99.952,28,60,3,,3,2,2,2,2,1,75,5,1,56,1,,,"1,2,3,7,11",6,1,6,26720,chinahatedapp
12/12/20 18:35,12/12/20 18:38,0,196.17.67.207,100,184,1,12/12/20 18:38,R_2fdsaat3ANmCDsK,,,,,34.05439758,-118.2440033,anonymous,EN,0.9,4,1,4,4,4,4,1.727,11.686,12.554,11,85,6,,2,1,1,1,1,1,84,5,2,56,1,,,"1,2,3,10,11",6,1,3,19944,usabaseapp
12/12/20 18:35,12/12/20 18:39,0,69.203.100.227,100,241,1,12/12/20 18:39,R_2dtBz1Vw9ur4TCb,,,,,40.70150757,-73.84220123,anonymous,EN,1,2,0,2,3,2,1,7.501,43.462,45.013,11,31,3,,1,2,1,1,1,2,17,33,1,34,1,,,"1,2,7,10",5,3,2,10825,chinahatedapp
12/12/20 18:38,12/12/20 18:40,0,98.200.159.45,100,84,1,12/12/20 18:40,R_3GiBy1sKCQjyEIK,,,,,29.87379456,-95.52330017,anonymous,EN,1,4,1,4,4,4,4,0.78,14.433,16.572,11,65,5,,2,2,2,1,2,2,67,45,1,38,1,,,1,4,3,2,57408,chinahatedapp
12/12/20 18:37,12/12/20 18:40,0,196.17.64.235,100,171,1,12/12/20 18:40,R_3prpqUKaugqg2CS,,,,,34.05439758,-118.2440033,anonymous,EN,1,4,1,4,5,4,4,1.148,8.861,9.496,6,100,6,,3,2,1,1,1,,95,5,1,49,1,,,"1,2,3",6,2,2,99519,chinabaseapp
12/12/20 18:38,12/12/20 18:41,0,98.37.76.135,100,205,1,12/12/20 18:41,R_2wmiWOhT1jBIuAT,,,,,37.80839539,-122.2845993,anonymous,EN,1,3,1,4,2,4,2,1.584,46.353,47.285,11,70,6,,3,2,2,2,2,2,90,5,1,34,1,,,"1,2,4,7,10,11",6,4,2,54288,estoniabaseapp
12/12/20 18:40,12/12/20 18:43,0,147.135.36.175,100,211,1,12/12/20 18:43,R_3QMjoMWsslHma3i,,,,,45.53970337,-122.9637985,anonymous,EN,0.8,2,0,3,2,1,1,2.69,38.038,39.462,13,2,1,,2,1,1,1,1,2,9,6,2,32,1,,,"1,7",6,2,3,58037,chinalovedapp
12/12/20 18:29,12/12/20 18:44,0,196.17.67.30,100,864,1,12/12/20 18:44,R_8oFtk1C8IVDxgEV,,,,,34.05439758,-118.2440033,anonymous,EN,0.9,4,1,4,5,4,5,3.891,13.345,14.066,8,71,6,,3,2,1,1,1,1,92,5,1,54,1,,,"1,2,3",5,2,3,46072,estoniabaseapp
12/12/20 18:08,12/12/20 18:45,0,98.35.100.127,100,2244,1,12/12/20 18:45,R_Au4s0AYBqVaD9oR,,,,,37.90429688,-122.0583954,anonymous,EN,1,3,1,4,4,4,3,1.029,16.348,17.057,19,77,5,,3,,2,,2,,73,5,1,33,4,,3,1,8,1,4,34317,estoniabaseapp
12/12/20 18:44,12/12/20 18:47,0,174.99.127.83,100,163,1,12/12/20 18:47,R_zZscbN4jms5QgRH,,,,,35.89639282,-78.71150208,anonymous,EN,1,1,0,3,5,1,1,4.289,40.947,43.431,14,0,1,,1,1,1,1,1,2,50,34,1,37,1,,,"1,2,4,7,10,11",5,3,2,63938,chinalovedapp
12/12/20 18:41,12/12/20 18:48,0,63.75.254.106,100,425,1,12/12/20 18:48,R_3qU47qTrDvix4MA,,,,,42.58360291,-83.49890137,anonymous,EN,1,3,1,4,5,4,4,1.791,19.267,19.951,12,99,7,,1,2,1,1,1,2,100,4,2,37,1,,,6,5,2,3,24459,usabaseapp
12/12/20 18:47,12/12/20 18:48,0,196.17.65.20,100,64,1,12/12/20 18:48,R_V2ybO96B01TGerL,,,,,34.05439758,-118.2440033,anonymous,EN,1,5,1,4,4,4,4,0.899,7.812,8.218,6,74,5,,3,1,1,1,,1,95,5,1,66,1,,,"1,2,3",5,2,4,90218,chinahatedapp
12/12/20 18:47,12/12/20 18:50,0,75.161.247.241,100,197,1,12/12/20 18:50,R_0NBtLEBNvYeAuuR,,,,,35.11309814,-106.5781021,anonymous,EN,1,1,0,4,2,2,1,6.242,59.799,61.717,14,40,3,,3,2,2,2,2,1,75,32,1,38,1,,,"1,2,3,4,7,10,11",5,1,4,70591,usabaseapp
12/12/20 18:49,12/12/20 18:52,0,108.202.77.206,100,194,1,12/12/20 18:52,R_2e5t6VGPTVJbOub,,,,,38.10429382,-122.2442017,anonymous,EN,1,3,1,5,1,3,1,4.653,68.505,69.974,13,30,1,,2,1,1,1,1,,75,5,1,48,1,,,"1,2,4,7,11",2,2,2,24902,estoniabaseapp
12/12/20 18:49,12/12/20 18:52,0,63.75.249.242,100,172,1,12/12/20 18:52,R_1OxCWH7GHLmgsnm,,,,,29.73730469,-95.39720154,anonymous,EN,1,3,1,5,4,4,5,2.493,25.624,30.433,12,100,6,,1,1,1,2,2,2,98,5,2,49,4,,3,2,5,2,3,41888,chinabaseapp
12/12/20 18:54,12/12/20 18:57,0,108.183.2.101,100,203,1,12/12/20 18:57,R_saKT9GYtjnru4hz,,,,,42.70080566,-73.86009979,anonymous,EN,0.9,1,0,3,2,2,1,4.671,48.486,49.551,13,81,5,,2,1,2,1,2,2,100,33,1,32,1,,,1,5,2,2,84959,chinabaseapp
12/12/20 18:35,12/12/20 18:58,0,24.181.229.118,100,1395,1,12/12/20 18:58,R_1KxL7j3Njaz17Gd,,,,,42.25549316,-71.77189636,anonymous,EN,1,3,1,4,2,4,2,2.465,32.165,33.658,10,84,6,,3,1,1,1,2,1,88,22,1,39,1,,,"1,4,7,10,11",3,2,3,42554,chinalovedapp
12/12/20 18:54,12/12/20 18:59,0,68.84.201.254,100,278,1,12/12/20 18:59,R_23fcn0FrxERYXJw,,,,,32.13360596,-111.0972977,anonymous,EN,1,1,0,4,1,3,1,6.78,71.945,72.705,12,80,3,,3,,2,2,2,,100,3,2,42,1,,,"2,4,7,10,11",3,1,2,55008,chinahatedapp
12/12/20 19:00,12/12/20 19:00,0,68.191.33.60,100,30,1,12/12/20 19:00,R_3mh0Sx596wBgRIN,,,,,41.33189392,-73.23670197,anonymous,EN,1,6,1,2,1,1,1,1.637,1.637,1.974,1,47,5,,1,2,1,2,2,,48,4,1,35,1,,,7,5,5,2,95216,usabaseapp
12/12/20 19:00,12/12/20 19:02,0,67.245.112.210,100,110,1,12/12/20 19:02,R_bPKWTIvvBJQ1Azf,,,,,40.751297,-73.82440186,anonymous,EN,1,3,1,4,2,4,2,2.195,29.041,29.677,14,64,5,,3,1,2,2,2,1,87,33,2,46,1,,,"1,2,4,6,7,11",5,1,3,60804,estoniabaseapp
12/12/20 18:59,12/12/20 19:02,0,72.65.252.103,100,214,1,12/12/20 19:02,R_1QgUctM6ZSWsUMg,,,,,40.42359924,-79.98249817,anonymous,EN,1,5,1,4,3,3,3,2.982,68.248,69.319,22,53,3,,3,2,,2,2,1,56,39,1,36,2,,,"1,2,4,5,6,7,8,11",4,1,3,44544,chinalovedapp
12/12/20 19:08,12/12/20 19:10,0,24.214.158.82,100,113,1,12/12/20 19:10,R_8nYE90UyFfOcO6l,,,,,33.44850159,-82.20110321,anonymous,EN,1,3,1,4,4,4,3,2.01,20.281,20.924,10,82,6,,3,2,2,2,2,1,87,11,2,37,2,,,"1,2,3",8,1,4,29166,usabaseapp
12/12/20 19:08,12/12/20 19:11,0,173.80.238.101,100,176,1,12/12/20 19:11,R_1guWtzopNmyY4es,,,,,37.53689575,-81.37439728,anonymous,EN,1,1,0,4,2,2,1,3.473,44.438,45.06,20,19,2,,2,,,,2,2,100,50,2,32,1,,,"1,11",5,2,3,79632,estoniabaseapp
12/12/20 18:08,12/12/20 19:12,0,38.132.103.148,100,3833,1,12/12/20 19:12,R_3fOS85X9UKbON8z,,,,,40.78759766,-74.05999756,anonymous,EN,0.9,4,1,4,3,2,1,1.239,29.735,30.893,22,74,6,,3,1,1,2,1,2,78,10,2,28,2,,,"1,2,3,4,5,7,10,11",5,3,6,99149,chinabaseapp
12/12/20 19:09,12/12/20 19:12,0,69.219.162.88,100,213,1,12/12/20 19:12,R_2X6BPg3TTcaugsC,,,,,40.62690735,-122.3540039,anonymous,EN,1,5,1,4,2,4,3,7.109,60.614,61.376,24,20,3,,3,1,1,1,2,,30,5,1,36,1,,,"1,2,4,5,6,7,11",2,2,3,61426,chinalovedapp
12/12/20 19:09,12/12/20 19:13,0,99.100.238.66,100,194,1,12/12/20 19:13,R_1Dx9hoSTOagYISI,,,,,42.61300659,-83.0345993,anonymous,EN,0.9,4,1,4,1,5,5,6.661,44.644,45.394,10,94,7,,3,2,2,2,2,1,94,23,2,58,1,,,"1,4,6",4,3,5,10151,chinabaseapp
12/12/20 19:08,12/12/20 19:13,0,24.252.82.248,100,286,1,12/12/20 19:13,R_3lQdresRaA8mXue,,,,,29.93170166,-90.1026001,anonymous,EN,0.9,1,0,3,2,4,2,5.348,61.811,63.853,10,35,3,,3,1,2,2,2,1,80,19,1,72,1,,,"1,4,6,7,11",6,1,2,90843,chinahatedapp
12/12/20 19:11,12/12/20 19:13,0,104.231.178.130,100,153,1,12/12/20 19:13,R_1N2BFTCn2EyR2Gb,,,,,39.1546936,-84.5911026,anonymous,EN,0.9,4,1,4,4,4,4,2.391,33.624,35.039,17,100,7,,3,,2,1,,2,100,36,1,53,1,,,1,5,1,2,22170,chinabaseapp
12/12/20 19:12,12/12/20 19:13,0,32.215.210.207,100,68,1,12/12/20 19:13,R_1rjOGwFEgsrRwxZ,,,,,41.31860352,-72.93019867,anonymous,EN,1,4,1,2,4,4,3,0,0,10.928,0,62,5,,2,1,2,2,1,1,57,7,1,26,4,,2,"1,2,4,5,6,7,8,10,11",5,3,2,75629,chinalovedapp
12/12/20 19:08,12/12/20 19:14,0,196.17.65.85,100,320,1,12/12/20 19:14,R_22Ypgn3u6cJZQ8n,,,,,34.05439758,-118.2440033,anonymous,EN,0.9,2,1,3,3,3,2,2.623,49.113,49.898,11,44,4,,3,2,2,2,1,2,47,5,1,47,1,,,"1,2,3,6,10,11",5,1,2,63530,chinalovedapp
12/12/20 19:08,12/12/20 19:14,0,67.211.45.218,100,347,1,12/12/20 19:14,R_3hEGawCDvaqGe2D,,,,,34.01409912,-118.3983002,anonymous,EN,0.9,3,1,4,4,2,3,30.956,65.504,68.392,12,34,3,,2,1,2,1,1,2,42,45,1,38,1,,,1,5,1,2,10252,estoniabaseapp
12/12/20 19:11,12/12/20 19:14,0,172.58.35.12,100,166,1,12/12/20 19:14,R_3p0bWm6Q9M7ZtAm,,,,,38.66389465,-121.3387985,anonymous,EN,1,2,0,3,2,2,1,5.321,54.619,55.319,20,9,2,,2,1,1,1,1,,25,5,2,30,1,,,"1,2,3,4,5,11",4,3,3,21825,usabaseapp
12/12/20 19:13,12/12/20 19:16,0,154.21.233.76,100,160,1,12/12/20 19:16,R_Wx59MGSDAmX3l7j,,,,,40.71260071,-74.00659943,anonymous,EN,0.8,3,1,4,4,3,3,1.097,18.713,19.921,17,64,5,,2,1,1,1,1,1,72,14,1,30,1,,,"1,2",6,2,3,89880,chinabaseapp
12/12/20 19:11,12/12/20 19:16,0,76.100.197.204,100,301,1,12/12/20 19:16,R_2y9kG5eV83XddWU,,,,,39.32479858,-76.60620117,anonymous,EN,1,3,1,4,1,5,3,6.832,70.653,72.918,12,80,6,,3,2,2,2,2,1,100,21,1,50,2,,,"1,2,6,7,10,11",5,1,3,82659,chinahatedapp
12/12/20 19:09,12/12/20 19:17,0,63.75.255.235,100,435,1,12/12/20 19:17,R_2Vwj7GRfdsCNryg,,,,,42.58360291,-83.49890137,anonymous,EN,0.9,1,1,4,4,3,2,1.4,103.769,104.512,21,92,3,,2,1,1,1,1,1,89,48,1,37,4,,4,"1,2,5,7,10",5,2,4,86687,chinahatedapp
12/12/20 19:13,12/12/20 19:17,0,69.133.33.254,100,286,1,12/12/20 19:17,R_2BxM79rESTONCTW,,,,,39.62440491,-84.37640381,anonymous,EN,1,2,0,4,4,2,1,4.952,67.461,68.911,11,42,3,,3,2,2,2,2,1,70,36,1,60,1,,,"1,2,4,7,11",5,1,3,28297,chinalovedapp
12/12/20 19:14,12/12/20 19:18,0,108.176.236.31,100,235,1,12/12/20 19:18,R_2TZVYHtIX1AZZND,,,,,44.09689331,-70.18630219,anonymous,EN,0.8,2,1,4,2,2,1,10.95,70.968,71.875,10,50,3,,2,1,1,1,1,,80,20,2,51,1,,,"2,11",3,2,3,61055,estoniabaseapp
12/12/20 19:08,12/12/20 19:18,0,50.231.89.23,100,570,1,12/12/20 19:18,R_10Ze8BqIoUWlai9,,,,,33.89830017,-84.58930206,anonymous,EN,0.9,3,1,4,4,5,2,3.847,26.213,28.047,12,73,6,,2,2,,2,,,81,5,1,32,2,,,"10,11",5,2,2,74341,usabaseapp
12/12/20 19:19,12/12/20 19:21,0,8.44.142.59,100,128,1,12/12/20 19:21,R_DdV8bzrv7kPj6x3,,,,,37.75100708,-97.8219986,anonymous,EN,0.8,5,1,5,4,5,5,1.193,12.926,14.746,15,74,6,,2,2,1,2,1,1,82,1,1,54,1,,,"1,2,3,5",6,2,2,98536,estoniabaseapp
12/12/20 19:14,12/12/20 19:22,0,134.202.34.132,100,482,1,12/12/20 19:22,R_Ap4lZK4lIjKPUlj,,,,,41.84829712,-87.65170288,anonymous,EN,1,2,1,3,2,2,1,15.285,145.415,147.237,12,8,2,,1,2,2,2,1,2,42,5,2,34,1,,,"1,2,7,10,11",6,3,2,44734,usabaseapp
12/12/20 19:19,12/12/20 19:22,0,66.69.134.224,100,195,1,12/12/20 19:22,R_xAfx5YYpqIZUAdH,,,,,33.89250183,-98.52929688,anonymous,EN,1,2,1,4,4,4,3,1.783,25.761,27.037,12,67,5,,3,2,2,1,2,2,60,45,2,31,1,,,"1,10,11",5,2,2,40484,usabaseapp
12/12/20 19:22,12/12/20 19:26,0,196.17.66.242,100,209,1,12/12/20 19:26,R_3GfedzLoAEXrWUR,,,,,34.05439758,-118.2440033,anonymous,EN,0.9,4,1,4,5,5,5,80.048,113.165,114.412,13,87,6,,3,2,1,1,2,1,86,5,1,57,1,,,"2,4,12",6,1,4,21989,chinalovedapp
12/12/20 19:23,12/12/20 19:26,0,70.121.5.71,100,205,1,12/12/20 19:26,R_CeKaV2LoNTeXL1f,,,,,33.1493988,-96.82800293,anonymous,EN,0.8,3,1,4,4,5,3,2.492,54.228,55.222,11,81,7,,1,1,1,1,1,1,80,45,2,29,1,,,"1,2,6,7,10,11",6,2,3,41723,usabaseapp
12/12/20 19:23,12/12/20 19:26,0,108.48.90.4,100,212,1,12/12/20 19:26,R_297jL3Z2vIySYOs,,,,,39.06799316,-76.99330139,anonymous,EN,0.9,3,1,5,4,5,3,2.39,26.009,27.026,12,88,6,,1,1,2,2,,2,85,21,1,36,2,,,1,6,1,4,35210,chinabaseapp
12/12/20 19:24,12/12/20 19:27,0,98.238.1.196,100,153,1,12/12/20 19:27,R_XgHNEhcarlsvMbv,,,,,26.53370667,-81.70619965,anonymous,EN,0.9,3,1,4,4,4,4,1.001,14.804,15.944,15,69,5,,2,2,1,1,1,1,74,14,1,30,1,,,"1,2",6,2,3,82559,chinahatedapp
12/12/20 19:22,12/12/20 19:27,0,172.56.27.84,100,283,1,12/12/20 19:27,R_paYvAeDeA4zVi13,,,,,27.96539307,-82.43070221,anonymous,EN,0.8,1,0,2,3,2,3,12.887,104.153,105.452,25,40,2,,2,2,2,2,2,1,69,10,1,33,1,,,"1,2,11",3,1,2,41728,chinabaseapp
12/12/20 19:26,12/12/20 19:30,0,104.152.209.72,100,212,1,12/12/20 19:30,R_3JKk5RctfPpI5ZE,,,,,43.63189697,-79.37159729,anonymous,EN,0.9,2,1,5,4,5,3,1.899,39.201,41.591,21,99,7,,2,1,2,1,2,1,38,7,2,29,1,,,"1,2,7,10,11",5,1,2,58183,estoniabaseapp
12/12/20 19:28,12/12/20 19:30,0,24.246.238.130,100,169,1,12/12/20 19:30,R_291fo1D7kmD4c6A,,,,,41.18490601,-75.38600159,anonymous,EN,0.9,3,1,4,5,4,3,1.99,29.034,31.243,10,83,6,,2,1,1,1,2,2,84,34,1,46,2,,,"1,2,11",6,1,3,94825,chinahatedapp
12/12/20 19:26,12/12/20 19:31,0,63.75.250.195,100,284,1,12/12/20 19:31,R_1XNZVEbCQeX95UB,,,,,42.58360291,-83.49890137,anonymous,EN,0.9,3,0,4,4,5,5,2.175,2.175,9.311,1,57,5,,2,2,2,2,2,2,51,33,1,36,1,,,1,5,1,4,31250,chinalovedapp
12/12/20 19:28,12/12/20 19:31,0,108.174.86.87,100,205,1,12/12/20 19:31,R_1gTJ59qIL7PBy5y,,,,,29.67959595,-98.9484024,anonymous,EN,0.9,4,1,5,4,5,4,11.284,36.958,38.008,11,86,6,,1,2,,1,2,2,89,45,1,36,2,,,10,6,1,4,15894,estoniabaseapp
12/12/20 19:27,12/12/20 19:35,0,68.58.26.219,100,478,1,12/12/20 19:35,R_2ATj6oxiLKBrspZ,,,,,39.79240417,-86.28749847,anonymous,EN,0.9,3,1,3,2,4,3,1.579,41.08,43.501,16,60,5,,2,,1,1,1,1,69,14,2,35,1,,,"1,5,6",5,1,3,19858,chinabaseapp
12/12/20 19:24,12/12/20 19:36,0,73.110.206.96,100,710,1,12/12/20 19:36,R_3HojGmpHRnOhVtb,,,,,41.99279785,-87.80539703,anonymous,EN,1,6,1,4,5,1,1,10.551,63.769,64.433,27,0,1,,1,1,1,1,1,2,52,14,1,43,1,,,"1,2,10,11",4,3,3,55017,usabaseapp
12/12/20 19:36,12/12/20 19:39,0,68.119.148.38,100,172,1,12/12/20 19:39,R_2wsG8mYLwjrlZC4,,,,,34.05819702,-118.1259995,anonymous,EN,1,2,1,3,3,4,6,7.111,43.864,45.551,13,80,4,,3,2,2,2,2,2,80,5,1,32,4,,2,"1,2,4,7,8,9,11",5,3,4,30735,estoniabaseapp
12/12/20 19:36,12/12/20 19:39,0,71.66.105.252,100,197,1,12/12/20 19:39,R_2YYdMngBHLHgQl7,,,,,39.53269958,-87.32550049,anonymous,EN,0.9,4,1,4,4,4,3,1.743,16.647,17.792,13,76,5,,2,1,2,1,2,1,66,14,1,35,1,,,"1,2,3,6,7,10,11",5,1,2,44463,chinahatedapp
12/12/20 19:34,12/12/20 19:41,0,38.68.53.4,100,409,1,12/12/20 19:41,R_1j6RQJEWzKvqQRX,,,,,37.75100708,-97.8219986,anonymous,EN,0.9,2,0,2,1,1,1,17.755,95.468,96.967,10,0,2,,1,2,2,2,1,2,20,29,2,29,1,,,"1,2,7,10,11",5,3,2,43153,chinahatedapp
12/12/20 19:31,12/12/20 19:41,0,196.17.64.92,100,587,1,12/12/20 19:41,R_2YMpXWGCCvDs07U,,,,,34.05439758,-118.2440033,anonymous,EN,1,5,1,4,4,4,5,13.739,108.587,111.534,16,92,6,,2,1,1,1,1,1,82,5,2,43,1,,,"1,2,3,4,5,7,10,11",6,2,4,53716,chinalovedapp
12/12/20 19:36,12/12/20 19:42,0,67.242.37.143,100,390,1,12/12/20 19:42,R_1q9cAUqd68j3xIo,,,,,42.92849731,-76.55909729,anonymous,EN,1,4,1,4,4,4,3,1.293,11.06,11.679,10,72,5,,2,1,1,2,1,2,79,15,1,36,1,,,"1,2,3,6,7,10,11",5,1,2,82451,chinalovedapp
12/12/20 19:40,12/12/20 19:43,0,74.72.142.129,100,185,1,12/12/20 19:43,R_D0IzwhDCH0ox6h3,,,,,41.59469604,-74.50360107,anonymous,EN,1,1,0,2,4,2,1,4.019,56.205,58.887,14,34,2,,2,1,2,1,,2,75,33,1,45,1,,,4,2,1,4,48695,estoniabaseapp
12/12/20 19:36,12/12/20 19:44,0,100.2.40.82,100,472,1,12/12/20 19:44,R_1dgojJCpgSZNT0S,,,,,40.66650391,-73.54550171,anonymous,EN,1,3,1,4,4,4,3,0.985,11.099,11.601,11,63,5,,2,1,2,2,1,2,66,14,1,38,1,,,"1,2,3,6,7,10,11",5,1,2,79324,usabaseapp
12/12/20 19:35,12/12/20 19:45,0,12.160.225.208,100,594,1,12/12/20 19:45,R_8qQvzcGoX5TU6Y1,,,,,34.05439758,-118.2440033,anonymous,EN,0.9,4,1,3,3,3,3,4.677,154.894,159.094,12,100,6,,3,1,1,1,1,1,88,10,2,38,1,,,"1,7",5,1,4,23334,chinabaseapp
12/12/20 19:34,12/12/20 19:46,0,73.157.221.195,100,707,1,12/12/20 19:46,R_2ztFPRVyupk52ws,,,,,45.46099854,-122.7052002,anonymous,EN,0.9,4,1,4,4,4,4,1.433,13.571,15,10,62,5,,2,1,1,1,1,1,64,14,1,29,1,,,"1,2",6,2,3,34397,usabaseapp
12/12/20 19:12,12/12/20 19:46,0,172.73.82.240,100,2054,1,12/12/20 19:46,R_2wyqKqwxCBpsT6t,,,,,35.29159546,-80.82009888,anonymous,EN,1,4,1,4,5,4,2,1.598,19.583,20.971,11,76,6,,2,2,,,2,,82,5,1,32,2,,,11,5,2,2,33354,estoniabaseapp
12/12/20 19:43,12/12/20 19:47,0,73.19.162.39,100,217,1,12/12/20 19:47,R_6M5SRzH12VH49bP,,,,,30.19090271,-85.66960144,anonymous,EN,0.9,3,1,4,4,4,3,1.406,10.099,10.904,11,62,5,,2,1,1,2,2,1,66,12,2,32,1,,,"1,2,3,5,6,7,10,11",5,1,2,39582,chinahatedapp
12/12/20 19:34,12/12/20 19:47,0,74.67.196.241,100,805,1,12/12/20 19:47,R_2CO4hZcgGGdUY8Q,,,,,43.01879883,-76.16500092,anonymous,EN,0.9,2,1,4,4,4,3,1.226,11.386,12.542,11,67,5,,2,1,1,2,1,1,63,14,1,32,1,,,"1,2",6,2,3,85191,chinabaseapp
12/12/20 19:36,12/12/20 19:47,0,96.238.149.173,100,695,1,12/12/20 19:47,R_1I58MccxfCeYaSA,,,,,43.11889648,-76.12709808,anonymous,EN,1,3,1,3,4,2,3,1.224,29.954,31.989,13,77,5,,1,,1,2,2,2,67,14,2,36,1,,,"1,2,6,10",5,1,3,53254,chinalovedapp
12/12/20 19:35,12/12/20 19:52,0,71.194.212.227,100,1017,1,12/12/20 19:52,R_AnT4JfLi7tVtVYZ,,,,,41.52709961,-87.25330353,anonymous,EN,0.9,3,1,4,4,4,4,0.996,13.599,15.28,12,66,5,,2,1,1,1,1,1,64,14,1,33,1,,,"1,2",6,2,3,85289,chinalovedapp
12/12/20 19:52,12/12/20 19:54,0,73.1.236.102,100,121,1,12/12/20 19:54,R_4ZUmb7H0xXOg0Vz,,,,,27.39370728,-80.31749725,anonymous,EN,1,1,0,4,5,1,1,2.981,30.383,31.486,10,10,2,,1,1,1,1,1,1,50,10,1,40,1,,,"1,2,4,7,11",3,1,2,42695,chinabaseapp
12/12/20 19:56,12/12/20 19:59,0,162.231.57.35,100,217,1,12/12/20 19:59,R_3EMfXwpcVph2TKb,,,,,32.74049377,-117.0934982,anonymous,EN,1,2,0,5,2,3,1,5.912,54.085,54.919,11,100,7,,2,1,2,2,2,2,100,5,1,38,1,,,"1,2,4,5,11",5,3,3,32143,estoniabaseapp
12/12/20 19:55,12/12/20 20:00,0,196.17.65.99,100,304,1,12/12/20 20:00,R_3p0gcsWphm6XwHQ,,,,,34.05439758,-118.2440033,anonymous,EN,0.8,3,1,4,5,4,3,5.776,21.599,22.628,11,74,6,,2,1,2,1,2,1,70,5,1,62,1,,,"1,2,6,10,11",5,2,3,90153,usabaseapp
12/12/20 20:00,12/12/20 20:05,0,75.146.171.178,100,315,1,12/12/20 20:05,R_3r62mIbitFsQL1T,,,,,44.95339966,-93.38420105,anonymous,EN,1,5,1,4,3,1,4,2.666,47.828,48.861,14,74,3,,3,2,,2,,2,77,24,1,34,2,,,"2,7,10",6,2,3,58650,chinabaseapp
12/12/20 20:04,12/12/20 20:07,0,185.250.221.155,100,135,1,12/12/20 20:07,R_31FM4sHrjYBpdNQ,,,,,34.05839539,-118.2779999,anonymous,EN,0.9,5,1,4,5,5,4,1.345,15.64,16.401,11,89,7,,2,2,1,2,1,2,94,33,1,29,3,,,"1,10,11",5,3,5,56557,chinalovedapp
12/12/20 20:08,12/12/20 20:13,0,71.72.211.74,100,277,1,12/12/20 20:13,R_tRNW2IzXiYfvMWJ,,,,,40.74200439,-81.10310364,anonymous,EN,0.9,4,1,3,2,3,1,4.751,59.183,59.91,16,21,2,,3,2,2,2,2,1,100,36,2,31,1,,,"1,2,4,11",2,1,2,48894,usabaseapp
12/12/20 20:09,12/12/20 20:13,0,66.190.98.245,100,283,1,12/12/20 20:13,R_1ClIobSrAn1a2k3,,,,,32.7191925,-97.45050049,anonymous,EN,1,1,0,3,1,4,1,3.871,65.497,66.412,11,80,5,,2,1,2,1,2,,85,45,1,47,1,,,"1,2,3,11",5,2,2,71929,chinahatedapp
12/12/20 20:14,12/12/20 20:18,0,173.61.40.73,100,240,1,12/12/20 20:18,R_26lNjMgHriBqtlF,,,,,39.94639587,-75.05169678,anonymous,EN,0.9,1,0,2,4,2,2,4.547,59.293,60.685,11,30,2,,2,2,2,2,1,1,85,31,1,49,1,,,"4,6,7,11",5,1,5,40091,estoniabaseapp
12/12/20 14:49,12/12/20 14:50,0,74.64.68.127,25,38,0,12/19/20 14:50,R_1QG8IUROabTFaNe,,,,,,,anonymous,EN,0.9,,,,,,,,,,,,,,,,,,,,,,,,,,,,,,,96233,chinabaseapp
12/12/20 15:15,12/12/20 15:16,0,74.64.68.127,6,11,0,12/19/20 15:16,R_1NaC48zBxlqLSxd,,,,,,,anonymous,EN,0.9,,,,,,,,,,,,,,,,,,,,,,,,,,,,,,,93338,chinahatedapp
12/12/20 15:38,12/12/20 16:10,0,196.16.111.99,44,1944,0,12/19/20 16:10,R_1mPdGWP8iHfxXws,,,,,,,anonymous,EN,1,3,1,4,3,3,4,,,,,,,,,,,,,,,,,,,,,,,,,24282,chinalovedapp
12/12/20 18:07,12/12/20 18:09,0,45.144.80.95,9,63,0,12/19/20 18:09,R_12xa6vZb2gFOGp1,,,,,,,anonymous,EN,0.8,,,,,,,,,,,,,,,,,,,,,,,,,,,,,,,97590,chinahatedapp
12/12/20 18:08,12/12/20 18:09,0,172.58.220.186,25,83,0,12/19/20 18:09,R_2sdTeq728M8xGXr,,,,,,,anonymous,EN,1,,,,,,,,,,,,,,,,,,,,,,,,,,,,,,,37886,chinalovedapp
12/12/20 18:08,12/12/20 18:15,0,68.96.193.5,97,455,0,12/19/20 18:16,R_1NrD906kcnR7aHT,,,,,,,anonymous,EN,0.8,2,1,4,4,3,3,19.734,135.049,136.069,16,70,5,,3,2,2,2,2,2,70,29,1,61,1,,,"1,2,3,4,7,10,11",5,1,7,60548,usabaseapp
12/12/20 18:15,12/12/20 18:17,0,73.173.103.253,44,100,0,12/19/20 18:17,R_25T3UArhfxZ762o,,,,,,,anonymous,EN,1,1,0,2,4,2,1,,,,,,,,,,,,,,,,,,,,,,,,,40248,chinabaseapp
12/12/20 18:16,12/12/20 18:17,0,173.239.87.146,9,34,0,12/19/20 18:17,R_1dMJfHfVkbY1Lyg,,,,,,,anonymous,EN,1,,,,,,,,,,,,,,,,,,,,,,,,,,,,,,,72670,usabaseapp
12/12/20 18:11,12/12/20 18:32,0,24.45.231.137,97,1267,0,12/19/20 18:32,R_22DZNqg1kvWiA63,,,,,,,anonymous,EN,1,3,1,4,2,3,4,7.601,215.687,217.446,21,60,3,,3,,2,2,2,1,70,33,2,34,6,Hispanic,,"1,2,4,6,7,10,11",2,1,2,99713,estoniabaseapp
12/12/20 18:34,12/12/20 18:35,0,104.229.208.116,25,76,0,12/19/20 18:35,R_23Tqd0shqeCUOJ0,,,,,,,anonymous,EN,1,,,,,,,,,,,,,,,,,,,,,,,,,,,,,,,59547,estoniabaseapp
12/12/20 18:21,12/12/20 19:00,0,162.210.198.130,9,2310,0,12/19/20 19:00,R_246uvWgRMtMS0Cd,,,,,,,anonymous,EN,0.8,,,,,,,,,,,,,,,,,,,,,,,,,,,,,,,12431,usabaseapp
12/12/20 19:03,12/12/20 19:05,0,64.83.232.16,97,157,0,12/19/20 19:05,R_qUQ3f03powGDhhD,,,,,,,anonymous,EN,1,1,0,2,2,2,2,3.946,44.873,47.5,11,40,3,,2,1,1,1,1,2,39,24,1,46,4,,2,"1,7,8,11",7,2,6,24107,chinabaseapp
12/12/20 19:13,12/12/20 19:18,0,174.192.65.53,97,337,0,12/19/20 19:19,R_vGKeMLiqoQjA8fv,,,,,,,anonymous,EN,1,1,0,3,3,2,2,5.362,63.575,64.298,21,15,2,,2,1,1,1,1,1,26,51,2,41,1,,,"1,2,5,6,7",2,3,4,12151,chinahatedapp
12/12/20 19:21,12/12/20 19:24,0,63.75.244.126,97,183,0,12/19/20 19:24,R_XGN7CGWSjNqQwOR,,,,,,,anonymous,EN,1,4,1,4,4,3,3,2.749,29.261,30.868,10,94,7,,1,2,,2,1,2,99,33,1,39,1,,,"1,10",5,2,4,13287,chinahatedapp
2/22/21 19:42,2/22/21 19:45,1,,100,184,1,2/22/21 19:45,R_6s6pf7JkCCT7lpn,,,,,42.373703,-71.12840271,preview,EN,1,3,1,3,4,2,4,2.49,63.436,64.266,17,64,5,3,3,1,1,1,2,1,75,22,1,65,"1,4",,2,"2,3,4,5,10,12",6,3,5,92236,chinabaseapp
2/22/21 19:58,2/22/21 19:59,0,73.58.238.227,100,53,1,2/22/21 19:59,R_2ClkG9r43kMM9Ku,,,,,35.93060303,-86.87879944,anonymous,EN,1,1,0,1,2,3,2,0.518,8.946,9.623,590,40,4,5,2,2,2,1,2,,57,5,1,31,1,,,1,3,3,2,28395,usabaseapp
2/22/21 19:58,2/22/21 20:00,0,64.121.102.112,100,135,1,2/22/21 20:00,R_2Eo4mDYoqGknWkX,,,,,40.58850098,-75.46420288,anonymous,EN,0.9,1,0,1,2,4,1,3.353,28.632,30.067,14,68,6,7,3,2,2,2,2,1,59,39,1,31,1,,,"2,4,7,11",5,1,3,41923,chinabaseapp
2/22/21 19:58,2/22/21 20:01,0,97.103.30.50,100,171,1,2/22/21 20:01,R_2UaXHvksExVlZeU,,,,,28.90249634,-81.2480011,anonymous,EN,1,1,0,4,1,4,1,2.869,65.677,66.579,14,30,3,10,2,,1,,2,1,90,10,1,41,1,,,"4,7,11",3,1,3,81591,estoniabaseapp
2/22/21 19:58,2/22/21 20:01,0,76.221.209.152,100,154,1,2/22/21 20:01,R_2QlAvfXfkvyPyW7,,,,,42.29670715,-85.20659637,anonymous,EN,1,1,0,3,4,2,1,4.1,38.673,39.068,11,25,3,7,3,,2,,2,1,91,23,3,37,4,,5,"2,4,7,11",4,1,2,84746,chinahatedapp
2/22/21 19:58,2/22/21 20:01,0,67.141.4.227,100,175,1,2/22/21 20:01,R_1rubeM5OIenO0QA,,,,,31.72270203,-83.25589752,anonymous,EN,0.8,3,1,3,3,3,2,3.124,42.86,43.443,36,83,5,6,2,,2,2,2,1,84,11,2,27,1,,,"1,2,3,4,7,11",5,1,3,82100,usabaseapp
2/22/21 19:58,2/22/21 20:01,0,172.118.204.134,100,170,1,2/22/21 20:01,R_1CaneC81cIObExA,,,,,34.04469299,-118.2946014,anonymous,EN,0.9,4,1,4,4,3,3,9.008,17.564,18.101,11,65,5,7,2,1,1,1,2,1,68,5,1,30,1,,,"1,2,3",6,2,4,55758,chinabaseapp
2/22/21 19:58,2/22/21 20:01,0,73.37.143.103,100,196,1,2/22/21 20:01,R_2qEQdqfAZUmUMZr,,,,,45.1289978,-93.37529755,anonymous,EN,1,1,0,3,4,2,1,5.897,76.168,79.199,11,50,3,10,2,2,2,2,2,2,80,24,1,30,1,,,"1,2,3,4,7,11",5,1,2,65389,chinabaseapp
2/22/21 19:58,2/22/21 20:01,0,99.83.0.31,100,213,1,2/22/21 20:01,R_2VIR63ilAl3ZGij,,,,,34.60380554,-118.2294998,anonymous,EN,0.9,1,0,3,4,2,1,4.905,88.647,89.76,11,30,2,8,2,2,1,2,,2,81,5,1,40,4,,9,"1,11",5,3,3,69309,chinahatedapp
2/22/21 19:58,2/22/21 20:02,0,70.113.108.210,100,215,1,2/22/21 20:02,R_AvOLFrpu64YHOhz,,,,,30.51539612,-97.66889954,anonymous,EN,1,2,1,4,2,3,1,12.396,64.121,65.089,14,50,4,7,3,1,1,1,1,2,50,48,1,30,2,,,"7,10,11",8,2,4,30545,chinalovedapp
2/22/21 19:58,2/22/21 20:02,0,217.138.208.148,100,203,1,2/22/21 20:02,R_2ZTFayPS9WMFXFF,,,,,40.71569824,-74,anonymous,EN,0.9,3,1,4,3,3,2,6.172,65.494,66.24,12,61,4,7,3,2,1,2,2,,69,33,1,33,2,,,"1,2,3,6,10,11",5,1,5,35780,chinalovedapp
2/22/21 19:58,2/22/21 20:02,0,140.186.218.74,100,236,1,2/22/21 20:02,R_Zz4B7ozbWOnib6N,,,,,46.86700439,-96.7507019,anonymous,EN,1,4,1,5,5,5,4,1.973,18.224,18.594,12,100,7,10,2,1,1,1,1,1,100,35,2,33,1,,,"1,2,5,7",2,1,4,47983,estoniabaseapp
2/22/21 20:00,2/22/21 20:02,0,72.192.116.178,100,132,1,2/22/21 20:02,R_2eRltadcWXQ0X4Z,,,,,36.05299377,-95.7335968,anonymous,EN,1,2,0,4,1,1,1,5.93,55.092,55.808,10,40,3,8,3,1,1,1,1,1,90,37,1,28,1,,,"1,2,4,5,11",3,2,2,13891,usabaseapp
2/22/21 19:58,2/22/21 20:02,0,68.34.74.124,100,240,1,2/22/21 20:02,R_1diBftYFDcxad0f,,,,,42.19549561,-83.48940277,anonymous,EN,0.8,1,0,2,3,2,1,4.186,32.344,32.946,12,50,4,5,1,,,,,,50,23,1,29,1,,,"1,2,5,11",3,3,2,99481,chinahatedapp
2/22/21 19:58,2/22/21 20:02,0,73.206.138.51,100,228,1,2/22/21 20:02,R_28U5IQORQCg8VvU,,,,,29.7467041,-94.96379852,anonymous,EN,1,3,1,4,3,4,3,4.486,21.241,22.031,8,71,3,6,1,,,1,2,2,75,45,1,28,1,,,"1,2,4,5,10",4,1,2,10789,chinalovedapp
2/22/21 19:59,2/22/21 20:02,0,64.83.232.16,100,210,1,2/22/21 20:02,R_pKK1bYU7UXzINvX,,,,,44.04840088,-92.49479675,anonymous,EN,1,1,0,4,3,3,3,6.61,59.101,60.1,10,59,5,5,2,2,1,1,1,1,70,24,1,47,4,,2,"1,7,8,11",7,2,5,92289,usabaseapp
2/22/21 19:58,2/22/21 20:02,0,97.116.171.21,100,263,1,2/22/21 20:02,R_2Vg9v1o5g4nZlzQ,,,,,44.93989563,-93.25479889,anonymous,EN,1,1,0,3,3,2,1,4.33,101.533,102.416,22,38,2,7,3,,2,2,2,,61,24,1,36,1,,,"1,3,11",6,1,2,19908,chinahatedapp
2/22/21 19:58,2/22/21 20:02,0,45.144.80.95,100,246,1,2/22/21 20:02,R_3nIfxVWEXdEpDQP,,,,,34.07290649,-118.2606049,anonymous,EN,0.9,1,0,3,1,1,1,4.38,69.245,70.235,10,12,1,9,3,2,1,,1,2,65,5,1,47,1,,,"1,2,7,10,11",5,2,2,98865,estoniabaseapp
2/22/21 19:59,2/22/21 20:02,0,73.162.50.19,100,194,1,2/22/21 20:02,R_vPpyWTqQW1b7z0d,,,,,37.58900452,-122.0460968,anonymous,EN,1,6,1,5,2,3,6,6.765,75.349,75.947,13,50,3,7,2,1,1,,1,2,60,5,1,24,1,,,"2,4,6,7,11",3,2,2,62841,estoniabaseapp
2/22/21 19:58,2/22/21 20:02,0,50.216.132.242,100,241,1,2/22/21 20:02,R_1EjjWP7mhFp11wl,,,,,41.50669861,-87.96309662,anonymous,EN,0.9,2,1,4,3,3,2,1.614,95.725,97.132,23,100,6,8,2,2,2,2,2,2,100,14,1,31,1,,,"1,2,3,5,6,7,11",5,1,3,82379,estoniabaseapp
2/22/21 19:59,2/22/21 20:02,0,73.153.191.15,100,204,1,2/22/21 20:02,R_2Ce6R0Ezrbmgwkn,,,,,39.72909546,-105.1896973,anonymous,EN,1,1,0,3,1,1,1,8.951,70.055,70.867,10,10,1,10,3,2,1,2,1,2,50,6,2,61,1,,,"1,2,4,7,11",5,3,7,87098,estoniabaseapp
2/22/21 19:58,2/22/21 20:02,0,104.49.245.128,100,262,1,2/22/21 20:02,R_svCo7O2bUYvpV1D,,,,,38.22000122,-85.69419861,anonymous,EN,1,1,0,4,1,2,2,4.092,76.623,77.561,19,70,3,9,3,1,2,1,2,1,100,18,2,43,1,,,"1,2,7,11",5,1,3,90481,usabaseapp
2/22/21 19:58,2/22/21 20:02,0,72.2.77.125,100,255,1,2/22/21 20:02,R_2ZBpaq6duKA5fv0,,,,,41.93449402,-80.58029938,anonymous,EN,1,2,0,3,2,4,5,4.222,79.916,81.421,36,52,4,9,2,2,2,2,2,1,96,36,1,33,1,,,"1,2,3,4,5,6,7,10,11",5,1,4,65387,chinahatedapp
2/22/21 19:58,2/22/21 20:03,0,63.75.250.51,100,265,1,2/22/21 20:03,R_3TQMSEWQU6DPgxr,,,,,37.75100708,-97.8219986,anonymous,EN,1,4,1,5,5,5,4,5.022,31.405,32.379,11,90,6,9,2,,,,,1,75,49,2,33,2,,,"1,2,5,6,10,11",6,2,3,20303,chinalovedapp
2/22/21 19:58,2/22/21 20:03,0,24.192.185.69,100,298,1,2/22/21 20:03,R_2PAyESMnqTHkF3B,,,,,42.51379395,-82.93959808,anonymous,EN,1,2,0,3,3,2,2,0.856,17.51,21.713,12,67,4,7,3,2,1,1,2,2,61,23,1,31,1,,,"7,11",2,3,2,68189,chinahatedapp
2/22/21 20:00,2/22/21 20:03,0,70.189.90.248,100,193,1,2/22/21 20:03,R_b4n56ZhihVh4sZH,,,,,36.04319763,-95.80719757,anonymous,EN,1,4,1,4,4,3,5,1.386,31.942,32.777,14,80,6,7,2,1,1,1,2,1,78,37,1,36,2,,,"1,2,6,7,8,10,11",5,1,3,36535,chinahatedapp
2/22/21 19:59,2/22/21 20:03,0,73.246.62.237,100,238,1,2/22/21 20:03,R_2YQZvOr4d3kKw8v,,,,,41.89860535,-87.73799896,anonymous,EN,1,4,1,4,4,4,4,23.684,35.599,36.899,10,70,6,6,2,2,1,1,1,1,68,14,1,34,1,,,"1,2,11",6,2,3,81591,estoniabaseapp
2/22/21 20:00,2/22/21 20:03,0,73.154.98.32,100,176,1,2/22/21 20:03,R_3ixSrrb2CXbLv1J,,,,,40.3052063,-79.54180145,anonymous,EN,1,3,1,5,1,4,3,1.053,100.234,100.552,61,73,6,8,2,2,2,2,2,1,82,39,1,35,1,,,"1,2,4,6,8,10,11",5,2,3,55691,chinalovedapp
2/22/21 19:59,2/22/21 20:03,0,45.237.85.175,100,255,1,2/22/21 20:03,R_1nQ5uZgpSgwlwXt,,,,,44.4828949,-73.22530365,anonymous,EN,1,4,1,4,3,3,3,1.33,27.387,27.709,17,69,5,8,1,2,1,,1,1,85,6,1,47,1,,,"1,2,5,6",5,1,5,45468,estoniabaseapp
2/22/21 19:58,2/22/21 20:03,0,73.148.189.136,100,301,1,2/22/21 20:03,R_2azyVNLuiwQXEPb,,,,,31.18049622,-81.49610138,anonymous,EN,1,4,1,3,2,3,5,1.1,21.384,22.174,21,37,3,4,2,,,,,,67,11,2,48,1,,,"2,4,6,7,11",3,1,2,18310,usabaseapp
2/22/21 19:58,2/22/21 20:03,0,174.28.237.245,100,303,1,2/22/21 20:03,R_DOExgoBdBpFxJrb,,,,,35.03729248,-106.6712036,anonymous,EN,1,2,1,5,1,4,2,7.084,97.342,98.716,14,94,5,10,3,2,2,2,2,1,90,32,1,46,1,,,"1,2,3,4,5,6,7,11",3,1,2,74484,estoniabaseapp
2/22/21 20:01,2/22/21 20:03,0,174.54.209.25,100,152,1,2/22/21 20:03,R_247PQX7nROJHQeI,,,,,40.00900269,-76.36309814,anonymous,EN,1,5,1,4,3,3,1,2.332,49.769,51.217,11,58,4,6,2,2,2,,,,55,39,1,38,1,,,"2,11",2,2,2,56693,chinalovedapp
2/22/21 20:01,2/22/21 20:03,0,71.223.180.219,100,159,1,2/22/21 20:03,R_2w5eGylZ1UW9ogW,,,,,33.55940247,-112.0902023,anonymous,EN,1,1,0,4,1,2,2,5.939,43.082,43.821,15,30,3,8,3,2,2,2,1,1,51,3,1,39,1,,,"1,7,11",5,2,2,72158,estoniabaseapp
2/22/21 19:58,2/22/21 20:04,0,70.114.73.101,100,310,1,2/22/21 20:04,R_6ED1t6UplGi4Y8h,,,,,32.81790161,-96.63189697,anonymous,EN,0.9,5,1,4,2,4,1,3.562,84.565,85.572,12,10,2,7,3,1,1,1,1,2,90,45,1,46,4,,4,"1,2,7,11",5,2,2,69169,chinalovedapp
2/22/21 19:59,2/22/21 20:04,0,71.9.134.120,100,249,1,2/22/21 20:04,R_e3T6UuUQyzLLz5n,,,,,40.5585022,-122.4138947,anonymous,EN,0.9,4,1,5,5,4,3,1.23,30.807,31.62,11,74,5,6,2,1,1,1,1,1,73,14,1,35,1,,,"1,2,5,6,7,10,11",5,1,4,69660,chinabaseapp
2/22/21 19:59,2/22/21 20:04,0,76.184.208.177,100,287,1,2/22/21 20:04,R_1rqvaSD5sivBXsN,,,,,33.19760132,-96.61779785,anonymous,EN,0.9,1,0,3,2,2,1,9.22,75.189,76.222,13,23,2,6,2,,1,2,2,1,86,45,1,40,1,,,"4,11",5,1,5,50758,chinahatedapp
2/22/21 20:00,2/22/21 20:04,0,173.73.41.42,100,253,1,2/22/21 20:04,R_2tgUh4VeABN33KH,,,,,38.62730408,-76.98590088,anonymous,EN,0.9,1,0,3,5,3,1,8.794,86.615,87.782,15,20,1,5,1,,1,,2,1,30,21,1,30,2,,,"1,2,4,7,11",2,3,2,79397,chinabaseapp
2/22/21 19:58,2/22/21 20:04,0,108.77.159.58,100,353,1,2/22/21 20:04,R_33dwVgMdPGH92uE,,,,,33.58149719,-85.08029938,anonymous,EN,1,4,1,4,2,4,2,13.729,152.758,153.632,11,60,5,7,2,1,2,2,2,1,86,11,2,37,1,,,"1,2,7,11",2,2,3,72950,chinabaseapp
2/22/21 19:58,2/22/21 20:04,0,24.155.48.156,100,361,1,2/22/21 20:04,R_3Pq0s4jobuNHfSe,,,,,27.67759705,-97.36509705,anonymous,EN,1,1,0,1,5,1,1,7.997,98.554,111.882,13,0,1,9,1,1,1,1,1,,100,45,1,55,1,,,"1,2,3,4,7,10,11",3,2,3,94999,chinabaseapp
2/22/21 19:58,2/22/21 20:04,0,75.130.107.217,100,385,1,2/22/21 20:04,R_2rPfAyMVY5p4yqr,,,,,42.25549316,-71.77189636,anonymous,EN,1,3,1,4,3,4,3,8.67,131.166,132.009,14,80,5,8,2,2,2,2,2,2,80,22,1,34,2,,,"1,2,5,6,10,11",3,1,4,45680,chinahatedapp
2/22/21 19:59,2/22/21 20:04,0,73.63.70.100,100,342,1,2/22/21 20:04,R_1OVxBzhtBLnjFQq,,,,,40.98890686,-111.8937988,anonymous,EN,1,6,1,5,5,4,5,2.389,17.674,19.763,10,92,7,9,1,1,2,1,2,2,98,46,1,42,2,,,"1,2,4,5,8,9,10,11",6,2,3,34949,estoniabaseapp
2/22/21 20:01,2/22/21 20:04,0,108.219.85.1,100,197,1,2/22/21 20:04,R_3Lih6QAHuUIb6Sn,,,,,36.09440613,-95.97170258,anonymous,EN,1,1,1,4,2,4,1,6.002,56.617,59.53,12,85,3,7,2,,2,2,2,1,87,37,2,39,1,,,"4,11",5,1,4,88656,chinabaseapp
2/22/21 20:01,2/22/21 20:04,0,98.226.112.63,100,193,1,2/22/21 20:04,R_rkfC1MNCSMJyP1D,,,,,40.11199951,-88.2365036,anonymous,EN,1,4,1,4,4,4,5,5.037,51.22,52.675,10,79,6,8,3,2,,2,2,,79,14,2,33,1,,,"1,2,5",5,1,3,93357,chinahatedapp
2/22/21 20:02,2/22/21 20:05,0,108.171.214.254,100,158,1,2/22/21 20:05,R_3gY0csh6jvwtJV7,,,,,37.75100708,-97.8219986,anonymous,EN,1,3,1,4,3,4,3,2.424,21.742,22.718,11,64,4,6,2,2,,1,2,2,61,21,1,36,1,,,"2,7,11",5,2,1,17602,usabaseapp
2/22/21 19:58,2/22/21 20:05,0,181.214.102.153,100,406,1,2/22/21 20:05,R_3p913llKJSq6xkR,,,,,41.84829712,-87.65170288,anonymous,EN,0.9,6,1,4,1,3,1,9.252,105.1,106.231,15,30,2,10,1,,2,2,2,,30,33,1,32,2,,,"2,3,5,7,10,11",5,1,3,30747,chinalovedapp
2/22/21 20:00,2/22/21 20:05,0,173.168.79.241,100,280,1,2/22/21 20:05,R_DHNFnVI1WQF8UrT,,,,,27.86720276,-82.35030365,anonymous,EN,1,3,1,5,1,3,3,24.071,95.058,96.062,24,67,2,8,3,2,1,2,2,1,89,10,1,30,1,,,"1,2,3,4,6,7,11",2,1,2,15691,usabaseapp
2/22/21 19:58,2/22/21 20:05,0,108.237.4.51,100,409,1,2/22/21 20:05,R_2w44F3OBnaIGkyi,,,,,35.49710083,-97.73300171,anonymous,EN,0.9,2,1,5,4,4,3,9.049,113.818,115.319,10,80,6,9,2,1,1,1,1,1,80,37,1,60,1,,,"1,11",5,2,2,71139,chinabaseapp
2/22/21 20:03,2/22/21 20:05,0,64.39.93.121,100,146,1,2/22/21 20:05,R_10w1CPSkq9wUVd9,,,,,45.65739441,-68.71019745,anonymous,EN,1,1,0,3,3,1,1,6.701,42.584,44.3,24,10,1,1,3,2,2,1,2,2,4,20,2,36,1,,,"1,2,3,4,7,11",5,1,2,45700,estoniabaseapp
2/22/21 20:01,2/22/21 20:05,0,67.249.177.120,100,256,1,2/22/21 20:05,R_TqqvkfYJKZelKWl,,,,,43.04550171,-74.85980225,anonymous,EN,1,1,0,3,1,1,1,1.777,79.393,80.931,12,0,1,10,3,1,1,1,1,,50,33,1,39,1,,,"1,2,3,4,7,11",6,3,5,20805,usabaseapp
2/22/21 20:02,2/22/21 20:05,0,45.88.89.75,100,202,1,2/22/21 20:05,R_3dKegPPOj2SRbzU,,,,,39.08529663,-77.64520264,anonymous,EN,0.7,4,1,4,4,4,5,1.63,25.626,26.557,12,85,6,9,3,1,1,1,1,1,98,48,1,47,4,,1,"1,2,3",5,2,4,73139,usabaseapp
2/22/21 20:00,2/22/21 20:05,0,73.104.212.244,100,353,1,2/22/21 20:05,R_3KToBm5B3kdiwSL,,,,,30.229599,-81.81240082,anonymous,EN,1,3,1,4,4,4,3,0.979,17.386,17.952,9,73,5,,3,1,1,1,1,1,68,14,1,31,1,,,"1,2,3,5,6,11",5,1,3,62420,usabaseapp
2/22/21 20:02,2/22/21 20:06,0,172.88.212.231,100,216,1,2/22/21 20:06,R_ufCKAGqW1ZlONhL,,,,,33.90750122,-117.7865982,anonymous,EN,1,3,1,4,4,4,3,12.595,21.941,22.655,11,62,4,8,1,2,1,2,2,1,64,14,1,30,1,,,"1,2,9,10",6,2,4,25894,estoniabaseapp
2/22/21 20:03,2/22/21 20:06,0,50.90.179.154,100,184,1,2/22/21 20:06,R_bdRigXnBFZvTGXD,,,,,39.93499756,-85.84850311,anonymous,EN,0.9,4,1,4,5,4,3,1.056,54.905,56.106,19,85,5,8,1,1,1,,,1,73,15,1,34,2,,,"1,6,10,11",5,1,2,37991,chinahatedapp
2/22/21 20:03,2/22/21 20:06,0,8.46.120.244,100,175,1,2/22/21 20:06,R_9zQPzk3RRxGEwNj,,,,,33.89830017,-84.58930206,anonymous,EN,1,3,1,3,3,4,3,2.251,23.396,24.866,14,60,5,6,3,2,1,2,1,1,60,34,1,63,1,,,"1,2,6,7,10,11",5,1,2,48749,chinabaseapp
2/22/21 19:58,2/22/21 20:06,0,63.75.255.15,100,437,1,2/22/21 20:06,R_zSWnSDTAtCLZCKJ,,,,,37.75100708,-97.8219986,anonymous,EN,1,3,1,5,5,5,4,1.666,18.336,19.136,13,100,7,9,1,1,2,1,1,1,100,35,1,38,4,,6,"1,2,5,11",7,1,4,66210,chinahatedapp
2/22/21 20:04,2/22/21 20:06,0,12.127.255.198,100,120,1,2/22/21 20:06,R_3DdpP0eqkL6QLgC,,,,,36.05569458,-94.15670013,anonymous,EN,0.9,3,1,4,2,3,2,1.135,36.779,37.053,20,56,3,7,2,1,2,2,1,1,60,4,2,28,2,,,"4,10,11",4,2,2,52627,chinalovedapp
2/22/21 20:00,2/22/21 20:06,0,46.22.105.127,100,358,1,2/22/21 20:06,R_22zi9DhHldL78jW,,,,,64.14599609,-21.8085022,anonymous,EN,1,3,1,3,1,4,3,6.959,130.343,132.932,29,40,2,10,3,2,2,2,2,1,100,17,1,39,1,,,"1,2,3,4,5,7,10,11",5,1,2,47333,chinabaseapp
2/22/21 20:00,2/22/21 20:06,0,173.239.86.57,100,354,1,2/22/21 20:06,R_3e93LNoaIdoZwgO,,,,,44.87759399,-117.9756012,anonymous,EN,0.8,3,1,5,1,4,1,2.971,129.049,143.657,14,71,6,10,2,,2,2,2,1,100,38,2,64,1,,,"4,7,11",4,1,2,14202,chinalovedapp
2/22/21 20:03,2/22/21 20:06,0,66.190.80.21,100,180,1,2/22/21 20:06,R_1dGp3d5osnA4LuN,,,,,32.45959473,-84.94860077,anonymous,EN,1,3,1,4,4,4,4,6.182,17.646,18.51,11,51,6,8,2,1,2,2,1,1,81,14,1,33,1,,,"1,2,10,11",6,2,3,38117,estoniabaseapp
2/22/21 19:58,2/22/21 20:06,0,69.132.218.45,100,495,1,2/22/21 20:06,R_3jcVSLSxmUuYdDK,,,,,34.30499268,-79.87760162,anonymous,EN,0.9,1,0,3,3,3,1,2.792,76.099,77.054,28,50,4,7,2,,1,,,,50,42,2,33,2,,,"2,7,11",3,3,1,43658,estoniabaseapp
2/22/21 20:03,2/22/21 20:07,0,74.134.167.86,100,218,1,2/22/21 20:07,R_3mn4X9Wg3ySUqht,,,,,42.07530212,-80.06710052,anonymous,EN,1,2,1,4,1,3,2,1.894,51.245,52.469,11,50,3,8,2,,2,2,2,1,50,39,1,31,1,,,"1,2,3,4,5,6,7,11",5,1,2,98886,chinabaseapp
2/22/21 20:04,2/22/21 20:07,0,67.241.15.125,100,131,1,2/22/21 20:07,R_3KSKJOtVa4k6uOr,,,,,43.01879883,-76.16500092,anonymous,EN,1,3,1,4,2,4,3,1.541,38.784,39.596,17,76,5,7,3,2,2,2,2,2,87,33,2,42,1,,,"1,4,6,7,11",5,1,3,80959,chinalovedapp
2/22/21 19:59,2/22/21 20:07,0,70.179.211.39,100,451,1,2/22/21 20:07,R_7UOW3LGxBd1FQnD,,,,,39.02850342,-96.84010315,anonymous,EN,1,5,1,3,4,2,1,4.604,74.148,76.922,12,10,2,8,2,,1,,1,2,11,17,2,51,"1,2",,,"1,3,11",5,3,7,35732,chinalovedapp
2/22/21 20:04,2/22/21 20:07,0,8.44.142.18,100,143,1,2/22/21 20:07,R_3OdnrBbTq1dfBrz,,,,,37.75100708,-97.8219986,anonymous,EN,1,4,1,3,3,4,3,1.038,20.816,21.563,12,68,6,7,2,2,1,2,,2,71,33,1,36,1,,,"1,2,11",8,3,3,84409,usabaseapp
2/22/21 20:04,2/22/21 20:07,0,184.190.122.253,100,147,1,2/22/21 20:07,R_3HTjgY0vSWExYSc,,,,,36.09539795,-95.92230225,anonymous,EN,1,3,0,4,1,3,4,13.476,47.929,48.63,10,29,4,8,3,2,2,2,2,2,61,37,2,33,1,,,"1,2,4,5,6,7,11",2,1,3,97612,chinabaseapp
2/22/21 20:00,2/22/21 20:07,0,69.254.130.118,100,420,1,2/22/21 20:07,R_3fGFLmLM7c6lUy2,,,,,35.07060242,-106.5065994,anonymous,EN,1,1,0,3,1,1,1,2.601,72.894,74.695,13,51,4,5,3,1,1,1,1,1,50,32,2,46,1,,,"1,2,3,4,7,11",3,1,2,40349,estoniabaseapp
2/22/21 20:01,2/22/21 20:07,0,63.75.254.171,100,342,1,2/22/21 20:07,R_3IXByYvzXFKmHGM,,,,,37.75100708,-97.8219986,anonymous,EN,1,5,1,5,5,5,5,3.381,16.34,17.07,11,85,6,10,2,1,1,1,1,1,88,51,1,37,1,,,"1,2,3,4,10,11",6,1,4,38507,chinabaseapp
2/22/21 19:58,2/22/21 20:07,0,45.88.89.107,100,552,1,2/22/21 20:07,R_2chH0e7BQ4Ya2aO,,,,,39.08529663,-77.64520264,anonymous,EN,0.7,3,1,4,4,4,3,35.328,45.658,46.37,12,71,5,9,2,2,1,1,2,2,78,5,1,46,4,,2,"1,2,7,8,10,11",5,3,4,55014,chinabaseapp
2/22/21 20:04,2/22/21 20:08,0,75.189.41.226,100,240,1,2/22/21 20:08,R_2cswOop9lkk85gZ,,,,,33.88200378,-80.40399933,anonymous,EN,1,4,1,4,4,5,4,1.977,15.005,15.54,13,75,6,7,2,1,2,1,1,2,80,42,1,37,2,,,"1,2,3,6,7,8,10,11",6,1,3,87373,chinahatedapp
2/22/21 20:05,2/22/21 20:08,0,71.200.35.77,100,221,1,2/22/21 20:08,R_2zBDqv3ctQ12NaK,,,,,39.07350159,-75.50830078,anonymous,EN,1,1,0,3,4,1,1,3.098,70.889,72.028,16,0,1,8,3,1,1,1,,2,75,8,2,50,1,,,"1,3,4,7,11",2,3,4,92195,estoniabaseapp
2/22/21 20:06,2/22/21 20:09,0,45.71.19.151,100,157,1,2/22/21 20:09,R_3JrrFIrkjoRlTwH,,,,,40.69940186,-73.88829803,anonymous,EN,1,4,1,4,5,3,4,1.121,22.492,25.87,17,68,6,7,2,2,1,2,1,2,82,5,2,55,1,,,"1,2,10,11",5,1,3,91261,estoniabaseapp
2/22/21 20:34,2/22/21 20:37,0,104.172.136.246,100,175,1,2/22/21 20:37,R_2VdmzBspaQzaOY3,,,,,34.18559265,-119.2136993,anonymous,EN,1,2,0,1,2,1,1,4.8,52.147,53.275,13,0,1,10,2,2,2,2,2,2,94,5,1,33,1,,,11,5,1,2,14157,chinahatedapp
2/22/21 20:35,2/22/21 20:38,0,50.231.89.227,100,182,1,2/22/21 20:38,R_YVOvZx2fA8bitCF,,,,,33.89830017,-84.58930206,anonymous,EN,1,2,1,5,5,5,6,3.665,27.036,28.108,21,100,7,10,3,1,1,2,2,1,100,11,2,37,1,,,"1,2,10,11",5,1,3,70456,estoniabaseapp
2/22/21 20:21,2/22/21 20:38,0,12.218.5.162,100,999,1,2/22/21 20:38,R_1HeQld4vo2hxrDG,,,,,34.03370667,-118.3508987,anonymous,EN,1,6,1,5,5,5,4,2.374,36.756,37.663,17,84,7,8,1,1,1,1,1,1,80,5,1,35,1,,,"1,2,3,6,7,8,10,11,12",6,1,2,97298,usabaseapp
2/22/21 20:35,2/22/21 20:38,0,72.229.168.172,100,207,1,2/22/21 20:38,R_RabPX14VxCmpb6V,,,,,40.72970581,-73.81629944,anonymous,EN,1,2,0,1,4,1,2,2.801,36.801,37.935,14,50,2,8,2,,2,2,2,2,51,33,2,26,2,,,"1,2,4,5,6,7,11",5,1,2,32998,chinabaseapp
2/22/21 20:37,2/22/21 20:39,0,67.250.12.32,100,109,1,2/22/21 20:39,R_3FPZtMKYiPB29XL,,,,,40.75840759,-73.79730225,anonymous,EN,0.9,3,1,5,2,4,2,3.504,29.709,30.211,10,59,5,9,3,2,2,2,2,1,93,33,2,46,1,,,"1,2,3,4,11",5,1,3,29454,chinabaseapp
2/22/21 20:35,2/22/21 20:39,0,8.44.142.227,100,224,1,2/22/21 20:39,R_1DJ3RzXHGWVMwef,,,,,37.75100708,-97.8219986,anonymous,EN,1,3,1,5,5,5,6,14.801,14.801,27.912,1,100,7,10,3,1,1,2,2,1,100,15,1,28,1,,,"1,2,10,11",5,1,3,46766,chinalovedapp
2/22/21 20:37,2/22/21 20:40,0,73.173.103.253,100,160,1,2/22/21 20:40,R_6VbEde8OVcLZEJz,,,,,39.21240234,-76.87760162,anonymous,EN,1,1,0,2,1,2,1,5.199,58.603,61.278,9,5,1,10,3,2,2,,2,1,40,21,1,28,1,,,"1,4,11",5,1,6,56566,estoniabaseapp
2/22/21 20:35,2/22/21 20:43,0,70.120.63.79,100,456,1,2/22/21 20:43,R_3L6zdadq4ooO4xw,,,,,29.52099609,-98.36199951,anonymous,EN,1,3,0,4,3,2,4,2.335,23.9,24.867,11,9,2,6,3,,,,,,56,45,1,41,1,,,"1,2,4,6,7,11",5,2,5,39548,chinalovedapp
2/22/21 20:06,2/22/21 20:43,0,207.98.244.180,100,2225,1,2/22/21 20:43,R_wRX9cZIeHnVQjT3,,,,,32.71470642,-79.95259857,anonymous,EN,1,1,0,3,2,3,1,2.958,68.906,69.604,13,50,4,8,3,1,2,2,2,1,50,42,1,32,1,,,"2,11",5,3,2,40317,chinabaseapp
2/22/21 20:39,2/22/21 20:47,0,104.2.10.117,100,463,1,2/22/21 20:47,R_3QQ5HmlM7lerd0B,,,,,40.10159302,-88.28220367,anonymous,EN,1,1,0,1,1,3,2,3.136,55.35,56.773,21,86,3,9,2,2,2,2,2,2,100,14,1,39,1,,,"4,6,11",5,2,4,31165,chinahatedapp
2/22/21 20:43,2/22/21 20:47,0,71.8.130.91,100,272,1,2/22/21 20:47,R_qX9dNKMXKafHiMN,,,,,46.27859497,-96.09249878,anonymous,EN,1,1,0,3,1,5,3,4.974,69.694,71.034,15,80,7,9,3,1,1,1,2,1,95,24,2,36,"1,2",,,"1,2,3,4,5,7,11",3,1,2,12026,chinahatedapp
2/22/21 20:56,2/22/21 21:00,0,172.107.168.196,100,231,1,2/22/21 21:00,R_3CZxgXRVh7aQjGF,,,,,32.81370544,-96.87039948,anonymous,EN,1,2,1,3,4,4,2,3.239,26.16,29.289,13,81,6,8,3,1,1,2,,1,75,15,2,32,1,,,"1,2,5,6,10,11",5,1,3,51477,estoniabaseapp
2/22/21 20:59,2/22/21 21:02,0,73.67.133.254,100,214,1,2/22/21 21:02,R_9XGUFkLQiiNn0R3,,,,,45.5032959,-122.7743988,anonymous,EN,1,4,1,3,1,3,1,2.651,74.841,75.844,12,45,2,6,2,2,2,2,2,1,50,38,1,34,1,,,"2,4,6,11",2,3,2,20463,chinalovedapp
2/22/21 20:58,2/22/21 21:03,0,208.101.147.215,100,280,1,2/22/21 21:03,R_QaFl9LAUzZj9kNX,,,,,37.15040588,-84.52279663,anonymous,EN,1,3,1,4,2,4,2,8.031,88.695,89.598,17,58,5,7,3,2,2,2,2,1,62,18,1,35,1,,,"1,2,4,7,11",3,3,2,86511,chinabaseapp
2/22/21 21:00,2/22/21 21:03,0,97.80.92.210,100,169,1,2/22/21 21:03,R_1ODFJODcetOdpaW,,,,,42.73550415,-89.04049683,anonymous,EN,1,1,0,2,3,1,1,6.458,38.784,40.638,10,0,1,7,3,1,1,1,1,1,41,14,1,44,1,,,"1,2,3",3,3,3,48299,chinahatedapp
2/22/21 20:59,2/22/21 21:03,0,174.60.36.200,100,256,1,2/22/21 21:03,R_Y0reskeWdKKhVMl,,,,,40.38859558,-75.9285965,anonymous,EN,1,2,0,3,3,3,1,8.269,47.31,48.13,20,48,4,5,2,1,1,2,1,,83,39,2,48,1,,,"1,11",6,2,3,65122,chinahatedapp
2/22/21 20:59,2/22/21 21:03,0,172.11.220.144,100,296,1,2/22/21 21:03,R_wUnezj84JML2kBb,,,,,39.64379883,-84.17430115,anonymous,EN,1,1,0,1,5,1,1,4.04,45.182,46.015,13,15,1,5,1,1,2,,2,,51,36,1,41,1,,,1,5,3,7,11254,chinabaseapp
2/22/21 20:59,2/22/21 21:04,0,47.135.1.239,100,269,1,2/22/21 21:04,R_3PFVQVLclwzEPTP,,,,,35.75320435,-81.32640076,anonymous,EN,1,1,0,4,2,3,1,9.952,82.598,84.323,11,55,4,7,2,1,2,2,2,1,75,34,2,46,1,,,11,5,1,2,31080,usabaseapp
2/22/21 20:25,2/22/21 21:05,0,50.228.255.254,100,2402,1,2/22/21 21:05,R_1dmnYyveQggkDPj,,,,,39.94580078,-74.90419769,anonymous,EN,1,2,0,1,2,1,2,2.557,26.658,28.937,11,13,1,1,3,2,2,2,2,,13,14,1,50,1,,,"1,2,3,7,10,11",5,1,3,37583,chinalovedapp
2/22/21 21:02,2/22/21 21:06,0,67.183.98.240,100,198,1,2/22/21 21:06,R_1OCuTXHraZYy8Ct,,,,,47.36000061,-122.6015015,anonymous,EN,1,3,1,4,1,4,4,6.724,68.751,71.243,12,35,2,9,3,1,2,1,2,1,75,49,1,34,1,,,"1,2,3,4,6,7,11",5,1,3,43800,estoniabaseapp
2/22/21 21:02,2/22/21 21:06,0,152.1.132.187,100,253,1,2/22/21 21:06,R_2thFfDKaaekwlQO,,,,,35.72990417,-78.77480316,anonymous,EN,1,5,1,5,5,3,2,9.072,37.223,49.363,3,81,7,8,2,1,1,2,1,2,92,19,2,36,2,,,"1,2,4,6",5,1,2,36313,usabaseapp
2/22/21 21:00,2/22/21 21:06,0,24.208.188.198,100,364,1,2/22/21 21:06,R_1j7IDOwakH2IFtk,,,,,40.74159241,-84.15219879,anonymous,EN,1,3,0,4,4,1,1,4.883,47.303,48.324,18,1,1,9,3,1,1,1,1,2,20,36,1,42,1,,,"1,4,7,10,11",4,3,3,13128,chinalovedapp
2/22/21 21:01,2/22/21 21:07,0,63.155.8.139,100,386,1,2/22/21 21:07,R_Dld2Cqf5LxsSGaJ,,,,,44.09910583,-123.1371002,anonymous,EN,1,1,0,2,4,2,1,5.576,90.831,91.431,12,41,1,7,1,2,1,1,2,2,55,38,2,59,1,,,"1,7,11",5,1,2,37902,chinahatedapp
2/22/21 20:59,2/22/21 21:08,0,68.43.95.173,100,517,1,2/22/21 21:08,R_2qEFlJ3OrOBy70F,,,,,42.23849487,-83.17829895,anonymous,EN,1,2,1,4,3,3,1,3.292,63.402,64.763,18,10,3,5,3,1,,,,1,50,23,2,42,1,,,"1,4,5,11",5,1,4,63254,usabaseapp
2/22/21 21:00,2/22/21 21:08,0,50.228.255.50,100,489,1,2/22/21 21:08,R_1ilkmjLsRCcT6XQ,,,,,39.94580078,-74.90419769,anonymous,EN,1,3,1,4,4,1,1,2.683,236.701,238.036,16,1,1,1,3,2,1,1,1,2,2,48,1,38,1,,,"1,2,3,7,10,11",6,1,6,76669,estoniabaseapp
2/22/21 21:06,2/22/21 21:09,0,12.160.225.223,100,211,1,2/22/21 21:09,R_3EFhvGXY3K8ejRd,,,,,34.05439758,-118.2440033,anonymous,EN,1,1,0,3,5,1,2,1.382,26.886,27.869,15,26,2,1,3,2,2,,2,2,3,11,2,30,1,,,"1,2,3,5,7,11",6,2,4,45455,chinabaseapp
2/22/21 21:04,2/22/21 21:10,0,71.218.174.136,100,333,1,2/22/21 21:10,R_2TAxnz2eOzdxcKs,,,,,39.73010254,-104.9077988,anonymous,EN,1,1,0,2,4,2,2,3.744,65.958,67.61,19,19,1,8,3,2,2,2,2,1,46,6,1,33,1,,,"1,2,4,5,7,9,10,11",3,1,1,82622,chinabaseapp
2/22/21 21:06,2/22/21 21:12,0,69.61.43.115,100,326,1,2/22/21 21:12,R_BRGo3R2yrm4vDax,,,,,37.38250732,-79.2181015,anonymous,EN,1,2,0,2,2,1,2,3.004,22.801,23.666,14,10,2,3,3,2,,2,2,2,20,10,1,34,1,,,"1,2,3,7,10,11",5,1,4,14797,estoniabaseapp
2/22/21 21:09,2/22/21 21:12,0,47.13.52.28,100,185,1,2/22/21 21:12,R_3oSG69k5MpJNf5t,,,,,36.21299744,-86.30110168,anonymous,EN,0.9,5,1,5,4,5,5,7.9,43.23,45.076,13,93,6,9,3,1,2,1,2,1,97,45,2,38,1,,,"1,2",6,2,4,45417,chinalovedapp
2/22/21 21:10,2/22/21 21:16,0,8.39.235.153,100,363,1,2/22/21 21:16,R_3qJ4nd3Sw7tnabR,,,,,44.01849365,-121.2984009,anonymous,EN,0.9,1,0,2,3,1,2,1.34,20.929,22.196,11,29,3,1,3,2,2,1,2,2,31,6,1,43,1,,,"1,2,5,7,11",6,2,3,79445,chinabaseapp
2/22/21 21:13,2/22/21 21:17,0,107.181.173.14,100,278,1,2/22/21 21:17,R_1FfUrbcq2TpLQnl,,,,,33.1177063,-96.67910004,anonymous,EN,1,1,0,2,5,3,2,0.949,13.362,14.37,17,23,3,8,3,2,2,2,2,2,11,34,2,26,1,,,"1,2,3,4,5,7,10,11",5,1,2,35062,usabaseapp
2/22/21 21:14,2/22/21 21:18,0,68.101.205.121,100,226,1,2/22/21 21:18,R_3J4aizyiuwZSw1r,,,,,32.74530029,-117.2449036,anonymous,EN,1,3,1,4,5,4,3,5.543,24.03,24.792,10,69,6,4,2,2,1,2,2,1,75,5,2,25,1,,,"1,6,10",5,2,4,74625,chinalovedapp
2/22/21 21:09,2/22/21 21:20,0,66.71.254.231,100,651,1,2/22/21 21:20,R_3D5Z64WVVdjuMJV,,,,,33.74850464,-84.38710022,anonymous,EN,1,1,0,5,3,1,2,10.534,18.534,19.604,12,34,2,1,3,2,2,1,1,2,40,48,1,37,1,,,"1,2,3,7,10,11",5,2,3,11259,chinahatedapp
2/22/21 21:16,2/22/21 21:21,0,170.83.234.149,100,269,1,2/22/21 21:21,R_uy8WpBfdSTN4PU5,,,,,15,-86.5,anonymous,EN,1,3,1,5,4,4,2,2.742,25.449,27.201,20,82,6,8,2,1,,1,2,2,91,5,1,48,1,,,"1,2,6,7,8,11",6,2,3,50777,chinabaseapp
2/22/21 21:09,2/22/21 21:21,0,174.198.194.254,100,720,1,2/22/21 21:21,R_pSN3DaD8sCwwHex,,,,,39.94580078,-74.90419769,anonymous,EN,1,1,0,4,3,3,2,4.588,15.431,16.707,11,41,2,4,3,2,2,2,,,19,15,1,34,1,,,"1,2,3,7,11",5,2,3,68916,chinahatedapp
2/22/21 21:15,2/22/21 21:22,0,161.35.139.87,100,433,1,2/22/21 21:22,R_1rJsPyAbPQAzQw1,,,,,40.83639526,-74.14029694,anonymous,EN,1,5,1,5,4,4,3,17.444,163.113,164.644,14,60,5,7,3,1,2,2,1,1,60,33,1,30,2,,,"1,2,6,7,10,11",5,1,2,12859,usabaseapp
2/22/21 21:00,2/22/21 21:23,0,45.56.154.89,100,1383,1,2/22/21 21:23,R_20ZOyhtujvq0wyZ,,,,,39.0480957,-77.47280121,anonymous,EN,0.9,2,1,3,2,3,2,11.598,62.635,67.133,10,62,4,6,2,1,,2,1,1,70,5,2,37,4,,4,"1,2,5,10,11",5,3,2,23764,chinabaseapp
2/22/21 21:15,2/22/21 21:25,0,63.75.250.242,100,578,1,2/22/21 21:25,R_3EQoca2uduO9bKr,,,,,37.75100708,-97.8219986,anonymous,EN,0.7,2,0,2,3,3,2,3.735,81.664,84.095,27,68,4,5,3,1,1,1,1,2,53,45,1,29,1,,,"1,2,7,10,11",6,2,4,87462,chinahatedapp
2/22/21 21:22,2/22/21 21:25,0,172.93.201.216,100,204,1,2/22/21 21:25,R_2VvwyvllptCy3q4,,,,,41.88789368,-88.19950104,anonymous,EN,1,4,1,4,5,4,4,1.985,56.796,62.504,11,76,5,9,2,1,1,2,2,,78,21,2,35,1,,,"2,6",6,1,5,52521,estoniabaseapp
2/22/21 21:22,2/22/21 21:31,0,63.75.254.156,100,521,1,2/22/21 21:31,R_qWPqaUKV1JQ9PeF,,,,,37.75100708,-97.8219986,anonymous,EN,0.9,2,1,3,3,2,3,0,0,8.006,0,52,7,10,3,2,2,2,2,,52,51,2,31,1,,,"2,7",5,1,3,17665,chinahatedapp
2/22/21 21:33,2/22/21 21:35,0,73.209.171.251,100,102,1,2/22/21 21:35,R_dg1VkK8763wdDvr,,,,,41.93499756,-87.873703,anonymous,EN,0.9,3,1,5,5,4,3,1.313,11.171,11.536,11,62,5,7,2,1,1,2,1,1,75,14,1,35,1,,,"1,2,3,5,11",5,1,4,44584,estoniabaseapp
2/22/21 21:32,2/22/21 21:36,0,108.12.231.110,100,198,1,2/22/21 21:36,R_UbGOr607wyPPR3b,,,,,41.82330322,-71.44100189,anonymous,EN,1,2,0,2,3,2,1,11.869,54.126,55.046,19,12,1,6,3,1,1,,1,1,33,41,1,31,1,,,"1,3,4,7",4,3,2,30621,usabaseapp
2/22/21 21:35,2/22/21 21:38,0,68.185.224.104,100,178,1,2/22/21 21:38,R_22lYmdv5UxWxvRT,,,,,30.49409485,-90.47509766,anonymous,EN,0.9,4,1,3,5,5,4,0.901,24.488,25.149,22,81,5,10,2,2,1,2,2,,84,19,1,34,2,,,"1,2",6,1,3,70237,chinabaseapp
2/22/21 21:40,2/22/21 21:43,0,199.83.210.139,100,129,1,2/22/21 21:43,R_PtWPvct5B7q0zTj,,,,,37.75100708,-97.8219986,anonymous,EN,1,1,0,4,5,1,2,2.327,15.131,16.262,14,31,2,2,3,2,2,2,2,1,28,5,1,24,1,,,"1,2,3,7",5,1,3,43813,chinalovedapp
2/22/21 21:15,2/22/21 21:22,0,161.35.139.87,100,433,1,2/22/21 21:22,R_1rJsPyAbPQAzQw1,,,,,40.83639526,-74.14029694,anonymous,EN,1,5,1,5,4,4,3,17.444,163.113,164.644,14,60,5,7,3,1,2,2,1,1,60,33,1,30,2,,,"1,2,6,7,10,11",5,1,2,12859,usabaseapp
2/22/21 21:00,2/22/21 21:23,0,45.56.154.89,100,1383,1,2/22/21 21:23,R_20ZOyhtujvq0wyZ,,,,,39.0480957,-77.47280121,anonymous,EN,0.9,2,1,3,2,3,2,11.598,62.635,67.133,10,62,4,6,2,1,,2,1,1,70,5,2,37,4,,4,"1,2,5,10,11",5,3,2,23764,chinabaseapp
2/22/21 21:15,2/22/21 21:25,0,63.75.250.242,100,578,1,2/22/21 21:25,R_3EQoca2uduO9bKr,,,,,37.75100708,-97.8219986,anonymous,EN,0.7,2,0,2,3,3,2,3.735,81.664,84.095,27,68,4,5,3,1,1,1,1,2,53,45,1,29,1,,,"1,2,7,10,11",6,2,4,87462,chinahatedapp
2/22/21 21:22,2/22/21 21:25,0,172.93.201.216,100,204,1,2/22/21 21:25,R_2VvwyvllptCy3q4,,,,,41.88789368,-88.19950104,anonymous,EN,1,4,1,4,5,4,4,1.985,56.796,62.504,11,76,5,9,2,1,1,2,2,,78,21,2,35,1,,,"2,6",6,1,5,52521,estoniabaseapp
2/22/21 21:22,2/22/21 21:31,0,63.75.254.156,100,521,1,2/22/21 21:31,R_qWPqaUKV1JQ9PeF,,,,,37.75100708,-97.8219986,anonymous,EN,0.9,2,1,3,3,2,3,0,0,8.006,0,52,7,10,3,2,2,2,2,,52,51,2,31,1,,,"2,7",5,1,3,17665,chinahatedapp
2/22/21 21:33,2/22/21 21:35,0,73.209.171.251,100,102,1,2/22/21 21:35,R_dg1VkK8763wdDvr,,,,,41.93499756,-87.873703,anonymous,EN,0.9,3,1,5,5,4,3,1.313,11.171,11.536,11,62,5,7,2,1,1,2,1,1,75,14,1,35,1,,,"1,2,3,5,11",5,1,4,44584,estoniabaseapp
2/22/21 21:32,2/22/21 21:36,0,108.12.231.110,100,198,1,2/22/21 21:36,R_UbGOr607wyPPR3b,,,,,41.82330322,-71.44100189,anonymous,EN,1,2,0,2,3,2,1,11.869,54.126,55.046,19,12,1,6,3,1,1,,1,1,33,41,1,31,1,,,"1,3,4,7",4,3,2,30621,usabaseapp
2/22/21 21:35,2/22/21 21:38,0,68.185.224.104,100,178,1,2/22/21 21:38,R_22lYmdv5UxWxvRT,,,,,30.49409485,-90.47509766,anonymous,EN,0.9,4,1,3,5,5,4,0.901,24.488,25.149,22,81,5,10,2,2,1,2,2,,84,19,1,34,2,,,"1,2",6,1,3,70237,chinabaseapp
2/22/21 21:36,2/22/21 21:40,0,72.201.122.93,100,261,1,2/22/21 21:40,R_3QLx74cFJ6fGBCW,,,,,33.5644989,-111.8900986,anonymous,EN,1,1,0,1,5,1,1,6.491,78.626,79.942,20,0,1,7,1,1,1,1,1,2,61,3,1,59,1,,,"1,2,3,7,11",5,2,6,33808,chinalovedapp
2/22/21 20:19,2/22/21 20:25,0,69.136.139.53,100,337,1,2/22/21 20:25,R_28Apr1SXZe1qkTQ,,,,,39.84700012,-85.97190094,anonymous,EN,1,4,1,4,5,4,3,4.188,115.25,117.371,33,61,3,7,2,1,2,2,2,1,68,23,1,32,1,,,"1,4,5,6,11",5,2,3,18428,chinahatedapp
2/22/21 21:42,2/22/21 21:45,0,69.249.77.179,100,175,1,2/22/21 21:45,R_3JsYlBsoSn9kpL2,,,,,40.04170227,-75.02100372,anonymous,EN,0.9,1,0,3,2,3,1,1.426,71.836,75.013,13,50,4,9,3,2,2,2,2,1,60,39,2,30,1,,,"1,2,3,4,5,7,11",5,1,5,42961,chinabaseapp
2/22/21 21:18,2/22/21 21:47,0,71.227.247.136,100,1745,1,2/22/21 21:47,R_1N3snzzKxeoHxnm,,,,,47.14430237,-122.2545013,anonymous,EN,1,5,1,4,4,5,4,2.362,38.59,39.382,17,19,7,9,2,2,1,1,1,1,96,3,1,37,1,,,"1,2,5,7,10,11",6,1,3,65273,usabaseapp
2/22/21 21:47,2/22/21 21:50,0,108.24.183.190,100,149,1,2/22/21 21:50,R_20PxUBAu99A7Stw,,,,,39.88400269,-74.9720993,anonymous,EN,1,5,1,4,5,4,5,1.49,11.427,11.81,11,6,6,9,2,1,1,1,1,1,95,31,1,41,2,,,"1,2,7,10,11",6,1,4,49874,chinalovedapp
2/22/21 21:41,2/22/21 21:51,0,168.91.109.146,100,614,1,2/22/21 21:51,R_12LtmQy8o9yVz0o,,,,,39.0480957,-77.47280121,anonymous,EN,1,2,1,4,4,2,1,8.551,82.346,83.707,13,73,5,7,3,2,2,2,2,2,72,3,1,70,1,,,"1,2,10",6,1,2,70420,chinahatedapp
2/22/21 21:47,2/22/21 21:52,0,23.119.175.212,100,320,1,2/22/21 21:52,R_1F9Ay4wSv8aPAmw,,,,,29.69180298,-95.65260315,anonymous,EN,0.9,1,0,2,5,2,2,6.624,84.171,84.642,14,40,2,6,2,1,1,,2,1,80,45,1,35,6,Hispanic,,"2,4,5,6,10,11",2,2,2,74812,estoniabaseapp
2/22/21 21:53,2/22/21 21:57,0,50.228.255.92,100,243,1,2/22/21 21:57,R_1nU4RzWJ1hFKBa3,,,,,39.94580078,-74.90419769,anonymous,EN,1,2,1,4,4,2,2,3.787,44.632,48.589,12,52,5,6,2,1,2,2,1,2,69,10,1,40,1,,,"1,2,10,11",6,1,2,45971,chinahatedapp
2/22/21 21:55,2/22/21 21:57,0,69.47.35.104,100,101,1,2/22/21 21:57,R_vCfhiikHm8EJPax,,,,,41.69039917,-87.61569977,anonymous,EN,1,3,1,4,1,3,2,2.703,28.452,29.562,13,49,4,4,2,2,1,2,1,1,42,14,1,38,2,,,11,5,1,5,83185,estoniabaseapp
2/22/21 22:01,2/22/21 22:05,0,73.246.219.147,100,280,1,2/22/21 22:05,R_2afZMawnMcKmEM9,,,,,41.55859375,-87.50189972,anonymous,EN,1,2,0,2,4,1,1,18.765,98.169,99.598,19,30,2,8,3,2,1,1,1,1,82,15,1,44,1,,,"1,2,3,4,7,11",5,1,2,13176,chinabaseapp
2/22/21 22:07,2/22/21 22:14,0,199.83.210.134,100,385,1,2/22/21 22:14,R_3qUUGW3fkXsjc81,,,,,37.75100708,-97.8219986,anonymous,EN,1,1,0,1,5,1,1,21.555,223.869,226.2,15,22,2,5,3,1,1,1,1,1,16,21,2,35,1,,,"1,2,7,10,11",6,3,2,24166,usabaseapp
2/22/21 22:12,2/22/21 22:20,0,173.23.42.244,100,486,1,2/22/21 22:20,R_3PYKXhgEgTXpdo2,,,,,41.91830444,-88.8687973,anonymous,EN,1,1,1,3,2,3,1,5.344,103.348,105.858,12,100,4,10,2,2,2,2,2,1,100,14,2,43,"1,6",Hispanic,,"1,2,4,7,11",4,2,3,64251,chinabaseapp
2/22/21 20:03,2/22/21 22:21,0,173.94.44.89,100,8273,1,2/22/21 22:21,R_BQFmpyLYRu4oau5,,,,,36.11680603,-80.08370209,anonymous,EN,0.9,1,0,4,4,2,1,3.733,50.615,51.937,16,30,3,6,2,1,2,1,2,1,69,34,2,43,1,,,"1,3,4,7,10",4,1,4,82842,chinahatedapp
2/22/21 20:19,2/22/21 20:26,0,170.10.187.43,100,418,1,2/22/21 20:26,R_SZyHVxHQH8Mtvxv,,,,,36.1835022,-94.17620087,anonymous,EN,0.8,4,1,3,4,3,2,10.267,106.796,108.687,11,50,3,8,3,1,,,2,1,98,4,1,41,2,,,"1,2,3,4,7,8,10,11",2,3,3,91407,chinalovedapp
2/22/21 20:22,2/22/21 20:27,0,73.51.60.181,100,247,1,2/22/21 20:27,R_1rwdEjodmOJcPgp,,,,,41.89070129,-87.790802,anonymous,EN,1,4,1,4,4,4,4,22.209,132.355,133.278,21,75,5,7,2,1,2,1,2,1,68,14,2,35,1,,,"1,2,3,8,10,11",5,1,3,37507,usabaseapp
2/22/21 20:23,2/22/21 20:27,0,154.16.241.114,100,238,1,2/22/21 20:27,R_28HEzlRCCNsArLm,,,,,41.84829712,-87.65170288,anonymous,EN,0.9,4,1,5,5,4,3,6.792,59.221,60.286,12,72,5,7,3,1,1,1,1,1,60,45,2,37,1,,,"1,2,3,4,5,6,7,10,11",5,1,2,24464,chinalovedapp
2/22/21 20:24,2/22/21 20:28,0,104.11.61.83,100,282,1,2/22/21 20:28,R_2zGCGJTLzIoNXqK,,,,,37.95770264,-122.0756989,anonymous,EN,1,2,1,4,2,3,1,6.49,60.138,62.348,17,40,3,10,3,2,1,2,2,1,70,5,1,56,1,,,"1,2,3,11",6,1,6,95796,usabaseapp
2/22/21 20:27,2/22/21 20:29,0,76.171.0.102,100,138,1,2/22/21 20:29,R_1NqsNcn1s3Hrj9E,,,,,34.07580566,-118.3764038,anonymous,EN,0.9,5,1,5,4,5,6,2.428,27.868,28.44,12,100,6,10,2,1,2,1,2,1,100,5,2,33,1,,,"2,7,11",5,2,3,37635,chinabaseapp
2/22/21 20:24,2/22/21 20:31,0,47.24.36.192,100,451,1,2/22/21 20:31,R_2aPkSjGPoYY7zx4,,,,,32.86849976,-97.28630066,anonymous,EN,0.9,2,0,3,2,2,2,3.209,70.824,71.521,26,41,2,9,2,,2,2,2,,100,45,2,32,1,,,"1,2,4,6,7,11",5,3,2,26925,usabaseapp
2/22/21 20:29,2/22/21 20:31,0,8.18.121.71,100,134,1,2/22/21 20:31,R_2rzpvB9orOqpEel,,,,,37.75100708,-97.8219986,anonymous,EN,0.9,4,1,4,4,4,5,0.775,38.095,38.78,18,81,6,8,3,2,,2,,2,89,38,1,65,1,,,"1,3,10",5,3,3,93954,chinalovedapp
2/22/21 20:19,2/22/21 20:35,0,24.95.181.46,100,987,1,2/22/21 20:35,R_1HoQKLu3lv4MHAy,,,,,38.47360229,-82.64129639,anonymous,EN,1,2,1,3,2,2,1,59.409,166.439,167.782,20,31,2,5,2,,,1,1,,50,18,2,50,7,,,"1,4,11",5,5,7,96392,estoniabaseapp
2/22/21 20:31,2/22/21 20:36,0,216.19.222.15,100,259,1,2/22/21 20:36,R_3Pn0tUkYV3g153l,,,,,37.75100708,-97.8219986,anonymous,EN,1,3,1,2,3,1,2,9.144,36.64,37.801,12,41,2,3,2,2,1,1,2,2,38,22,2,36,1,,,"1,2,3,4,5,6,7,10,11",5,2,3,38734,chinabaseapp
2/22/21 20:28,2/22/21 20:36,0,100.7.25.54,100,495,1,2/22/21 20:36,R_SK9xqNyuf2dK4TL,,,,,37.51089478,-77.64289856,anonymous,EN,1,1,0,2,5,1,3,2.308,33.223,33.867,11,36,2,6,2,1,1,1,2,2,74,48,1,56,1,,,"1,2,3,4,6,7,10,11",3,1,2,81729,chinahatedapp
2/22/21 20:26,2/22/21 20:36,0,99.145.225.79,100,610,1,2/22/21 20:36,R_dhujRfu324x7ICR,,,,,34.07820129,-84.64849854,anonymous,EN,0.9,2,1,4,4,3,3,10.447,227.371,228.198,20,30,5,7,3,1,2,2,2,2,60,11,1,55,4,,4,"1,3,7,10,11",6,1,6,46886,estoniabaseapp
2/22/21 20:34,2/22/21 20:37,0,104.172.136.246,100,175,1,2/22/21 20:37,R_2VdmzBspaQzaOY3,,,,,34.18559265,-119.2136993,anonymous,EN,1,2,0,1,2,1,1,4.8,52.147,53.275,13,0,1,10,2,2,2,2,2,2,94,5,1,33,1,,,11,5,1,2,14157,chinahatedapp
2/22/21 20:35,2/22/21 20:38,0,50.231.89.227,100,182,1,2/22/21 20:38,R_YVOvZx2fA8bitCF,,,,,33.89830017,-84.58930206,anonymous,EN,1,2,1,5,5,5,6,3.665,27.036,28.108,21,100,7,10,3,1,1,2,2,1,100,11,2,37,1,,,"1,2,10,11",5,1,3,70456,estoniabaseapp